-- MySQL dump 10.13  Distrib 5.7.21, for Linux (x86_64)
--
-- Host: localhost    Database: homestead
-- ------------------------------------------------------
-- Server version	5.7.21-0ubuntu0.16.04.1

/*!40101 SET @OLD_CHARACTER_SET_CLIENT=@@CHARACTER_SET_CLIENT */;
/*!40101 SET @OLD_CHARACTER_SET_RESULTS=@@CHARACTER_SET_RESULTS */;
/*!40101 SET @OLD_COLLATION_CONNECTION=@@COLLATION_CONNECTION */;
/*!40101 SET NAMES utf8 */;
/*!40103 SET @OLD_TIME_ZONE=@@TIME_ZONE */;
/*!40103 SET TIME_ZONE='+00:00' */;
/*!40014 SET @OLD_UNIQUE_CHECKS=@@UNIQUE_CHECKS, UNIQUE_CHECKS=0 */;
/*!40014 SET @OLD_FOREIGN_KEY_CHECKS=@@FOREIGN_KEY_CHECKS, FOREIGN_KEY_CHECKS=0 */;
/*!40101 SET @OLD_SQL_MODE=@@SQL_MODE, SQL_MODE='NO_AUTO_VALUE_ON_ZERO' */;
/*!40111 SET @OLD_SQL_NOTES=@@SQL_NOTES, SQL_NOTES=0 */;

--
-- Table structure for table `auction_item`
--

DROP TABLE IF EXISTS `auction_item`;
/*!40101 SET @saved_cs_client     = @@character_set_client */;
/*!40101 SET character_set_client = utf8 */;
CREATE TABLE `auction_item` (
  `item_id` int(10) unsigned DEFAULT NULL,
  `auction_id` int(10) unsigned DEFAULT NULL,
  `created_at` timestamp NULL DEFAULT NULL,
  `updated_at` timestamp NULL DEFAULT NULL,
  `bid_id` int(10) unsigned DEFAULT NULL,
  KEY `auction_item_item_id_foreign` (`item_id`),
  KEY `auction_item_auction_id_foreign` (`auction_id`),
  KEY `auction_item_bid_id_foreign` (`bid_id`),
  CONSTRAINT `auction_item_auction_id_foreign` FOREIGN KEY (`auction_id`) REFERENCES `auctions` (`id`) ON DELETE CASCADE,
  CONSTRAINT `auction_item_bid_id_foreign` FOREIGN KEY (`bid_id`) REFERENCES `bids` (`id`) ON DELETE CASCADE,
  CONSTRAINT `auction_item_item_id_foreign` FOREIGN KEY (`item_id`) REFERENCES `items` (`id`) ON DELETE CASCADE
) ENGINE=InnoDB DEFAULT CHARSET=utf8mb4 COLLATE=utf8mb4_unicode_ci;
/*!40101 SET character_set_client = @saved_cs_client */;

--
-- Dumping data for table `auction_item`
--

LOCK TABLES `auction_item` WRITE;
/*!40000 ALTER TABLE `auction_item` DISABLE KEYS */;
INSERT INTO `auction_item` VALUES (9,5,NULL,NULL,NULL),(10,5,NULL,NULL,NULL),(11,5,NULL,NULL,NULL),(12,5,NULL,NULL,NULL),(13,5,NULL,NULL,NULL),(14,6,NULL,NULL,NULL),(15,7,NULL,NULL,NULL),(16,8,NULL,NULL,NULL),(17,8,NULL,NULL,NULL),(18,8,NULL,NULL,NULL),(19,8,NULL,NULL,NULL),(20,8,NULL,NULL,NULL),(21,8,NULL,NULL,NULL),(22,8,NULL,NULL,NULL),(23,9,NULL,NULL,NULL),(24,10,NULL,NULL,NULL),(25,10,NULL,NULL,NULL),(26,10,NULL,NULL,NULL),(27,10,NULL,NULL,NULL),(28,10,NULL,NULL,NULL),(29,10,NULL,NULL,NULL),(30,12,NULL,NULL,NULL),(31,5,NULL,NULL,NULL),(32,8,NULL,NULL,NULL),(33,8,NULL,NULL,NULL),(34,11,NULL,NULL,NULL),(35,14,NULL,NULL,NULL),(36,14,NULL,NULL,NULL),(37,14,NULL,NULL,NULL),(38,15,NULL,NULL,NULL),(39,15,NULL,NULL,NULL),(40,16,NULL,NULL,NULL),(41,17,NULL,NULL,NULL),(42,17,NULL,NULL,NULL),(43,17,NULL,NULL,NULL),(44,17,NULL,NULL,NULL),(45,17,NULL,NULL,NULL),(46,17,NULL,NULL,NULL),(47,17,NULL,NULL,NULL),(48,17,NULL,NULL,NULL),(49,17,NULL,NULL,NULL),(50,18,NULL,NULL,NULL),(51,18,NULL,NULL,NULL),(52,18,NULL,NULL,NULL),(53,18,NULL,NULL,NULL),(54,19,NULL,NULL,NULL),(55,19,NULL,NULL,NULL),(56,19,NULL,NULL,NULL),(57,19,NULL,NULL,NULL),(58,19,NULL,NULL,NULL),(59,20,NULL,NULL,NULL),(60,20,NULL,NULL,NULL),(61,20,NULL,NULL,NULL),(62,21,NULL,NULL,NULL),(63,21,NULL,NULL,NULL),(64,21,NULL,NULL,NULL),(65,6,NULL,NULL,NULL),(66,5,NULL,NULL,NULL),(67,5,NULL,NULL,NULL),(68,22,NULL,NULL,NULL),(69,22,NULL,NULL,NULL),(70,23,NULL,NULL,NULL),(71,23,NULL,NULL,NULL),(72,23,NULL,NULL,NULL),(73,23,NULL,NULL,NULL),(74,23,NULL,NULL,NULL),(75,5,NULL,NULL,NULL),(76,24,NULL,NULL,NULL),(77,24,NULL,NULL,NULL),(78,24,NULL,NULL,NULL),(79,5,NULL,NULL,NULL),(80,5,NULL,NULL,NULL),(81,5,NULL,NULL,NULL),(82,5,NULL,NULL,NULL),(83,24,NULL,NULL,NULL),(84,28,NULL,NULL,NULL),(85,29,NULL,NULL,NULL),(86,29,NULL,NULL,NULL),(87,5,NULL,NULL,NULL),(88,5,NULL,NULL,NULL),(89,30,NULL,NULL,NULL),(90,29,NULL,NULL,NULL),(91,29,NULL,NULL,NULL),(92,32,NULL,NULL,NULL),(93,29,NULL,NULL,NULL),(94,29,NULL,NULL,NULL),(95,29,NULL,NULL,NULL),(96,33,NULL,NULL,NULL),(97,33,NULL,NULL,NULL);
/*!40000 ALTER TABLE `auction_item` ENABLE KEYS */;
UNLOCK TABLES;

--
-- Table structure for table `auction_user`
--

DROP TABLE IF EXISTS `auction_user`;
/*!40101 SET @saved_cs_client     = @@character_set_client */;
/*!40101 SET character_set_client = utf8 */;
CREATE TABLE `auction_user` (
  `id` int(10) unsigned NOT NULL AUTO_INCREMENT,
  `auction_id` int(10) unsigned NOT NULL,
  `user_id` int(10) unsigned NOT NULL,
  PRIMARY KEY (`id`),
  KEY `auctions_users_auction_id_foreign` (`auction_id`),
  KEY `auctions_users_user_id_foreign` (`user_id`),
  CONSTRAINT `auctions_users_auction_id_foreign` FOREIGN KEY (`auction_id`) REFERENCES `auctions` (`id`) ON DELETE CASCADE,
  CONSTRAINT `auctions_users_user_id_foreign` FOREIGN KEY (`user_id`) REFERENCES `users` (`id`) ON DELETE CASCADE
) ENGINE=InnoDB AUTO_INCREMENT=25 DEFAULT CHARSET=utf8mb4 COLLATE=utf8mb4_unicode_ci;
/*!40101 SET character_set_client = @saved_cs_client */;

--
-- Dumping data for table `auction_user`
--

LOCK TABLES `auction_user` WRITE;
/*!40000 ALTER TABLE `auction_user` DISABLE KEYS */;
INSERT INTO `auction_user` VALUES (1,5,4),(2,11,1),(3,13,4),(4,7,4),(5,14,4),(6,15,4),(7,16,4),(8,17,4),(9,19,4),(10,20,4),(11,21,4),(12,5,2),(13,23,2),(14,24,2),(15,28,2),(16,29,2),(17,29,4),(18,29,5),(19,29,6),(20,27,1),(21,29,7),(22,30,1),(23,31,1),(24,33,6);
/*!40000 ALTER TABLE `auction_user` ENABLE KEYS */;
UNLOCK TABLES;

--
-- Table structure for table `auctions`
--

DROP TABLE IF EXISTS `auctions`;
/*!40101 SET @saved_cs_client     = @@character_set_client */;
/*!40101 SET character_set_client = utf8 */;
CREATE TABLE `auctions` (
  `id` int(10) unsigned NOT NULL AUTO_INCREMENT,
  `created_at` timestamp NULL DEFAULT NULL,
  `updated_at` timestamp NULL DEFAULT NULL,
  `user_id` int(10) unsigned NOT NULL,
  `name` varchar(255) COLLATE utf8mb4_unicode_ci NOT NULL,
  `start_time` datetime NOT NULL,
  `private` tinyint(1) NOT NULL DEFAULT '0',
  `queue` text COLLATE utf8mb4_unicode_ci NOT NULL,
  `bid_increment` int(11) NOT NULL,
  `manual_next` tinyint(4) NOT NULL,
  `rules` text COLLATE utf8mb4_unicode_ci NOT NULL,
  `bid_timer` int(11) NOT NULL,
  `snipe_time` int(11) NOT NULL,
  `status` text COLLATE utf8mb4_unicode_ci NOT NULL,
  `settings` text COLLATE utf8mb4_unicode_ci NOT NULL,
  PRIMARY KEY (`id`),
  KEY `auctions_user_id_foreign` (`user_id`),
  CONSTRAINT `auctions_user_id_foreign` FOREIGN KEY (`user_id`) REFERENCES `users` (`id`) ON DELETE CASCADE
) ENGINE=InnoDB AUTO_INCREMENT=34 DEFAULT CHARSET=utf8mb4 COLLATE=utf8mb4_unicode_ci;
/*!40101 SET character_set_client = @saved_cs_client */;

--
-- Dumping data for table `auctions`
--

LOCK TABLES `auctions` WRITE;
/*!40000 ALTER TABLE `auctions` DISABLE KEYS */;
INSERT INTO `auctions` VALUES (5,'2018-05-18 05:09:46','2018-07-19 23:34:57',1,'fffffff','2018-05-18 05:09:41',0,'[]',0,0,'',0,0,'',''),(6,'2018-05-18 16:12:10','2018-06-21 05:13:44',1,'dfdsdsdsd','2018-05-18 04:12:05',0,'[{\"id\":65,\"name\":\"lllllll;l;l;\",\"created_at\":\"2018-06-21 05:13:29\",\"updated_at\":\"2018-06-21 05:13:29\",\"pivot\":{\"auction_id\":6,\"item_id\":65}}]',0,0,'',0,0,'',''),(7,'2018-05-18 16:19:17','2018-05-18 16:19:35',1,'eeee','2018-05-18 04:19:14',0,'[{\"id\":15,\"name\":\"ttt\",\"created_at\":\"2018-05-18 16:19:35\",\"updated_at\":\"2018-05-18 16:19:35\",\"pivot\":{\"auction_id\":7,\"item_id\":15}}]',0,0,'',0,0,'',''),(8,'2018-05-18 16:23:48','2018-06-19 18:07:32',1,'fffff','2018-05-18 04:23:45',0,'[{\"id\":16,\"name\":\"uuuu\",\"created_at\":\"2018-05-18 16:23:54\",\"updated_at\":\"2018-05-18 16:23:54\",\"pivot\":{\"auction_id\":8,\"item_id\":16}},{\"id\":17,\"name\":\"dsddsdsd\",\"created_at\":\"2018-05-18 16:26:09\",\"updated_at\":\"2018-05-18 16:26:09\",\"pivot\":{\"auction_id\":8,\"item_id\":17}},{\"id\":18,\"name\":\"sZXZx\",\"created_at\":\"2018-05-18 16:26:21\",\"updated_at\":\"2018-05-18 16:26:21\",\"pivot\":{\"auction_id\":8,\"item_id\":18}},{\"id\":19,\"name\":\"dfsdsds\",\"created_at\":\"2018-05-18 16:26:30\",\"updated_at\":\"2018-05-18 16:26:30\",\"pivot\":{\"auction_id\":8,\"item_id\":19}},{\"id\":20,\"name\":\"jjj\",\"created_at\":\"2018-05-18 16:27:54\",\"updated_at\":\"2018-05-18 16:27:54\",\"pivot\":{\"auction_id\":8,\"item_id\":20}},{\"id\":21,\"name\":\"gggg\",\"created_at\":\"2018-05-18 16:28:12\",\"updated_at\":\"2018-05-18 16:28:12\",\"pivot\":{\"auction_id\":8,\"item_id\":21}},{\"id\":22,\"name\":\"ffff\",\"created_at\":\"2018-05-18 16:29:37\",\"updated_at\":\"2018-05-18 16:29:37\",\"pivot\":{\"auction_id\":8,\"item_id\":22}},{\"id\":32,\"name\":\"erererere\",\"created_at\":\"2018-06-19 18:07:03\",\"updated_at\":\"2018-06-19 18:07:03\",\"pivot\":{\"auction_id\":8,\"item_id\":32}},{\"id\":33,\"name\":\"ttttt\",\"created_at\":\"2018-06-19 18:07:32\",\"updated_at\":\"2018-06-19 18:07:32\",\"pivot\":{\"auction_id\":8,\"item_id\":33}}]',0,0,'',0,0,'',''),(9,'2018-05-18 16:30:19','2018-05-18 16:30:19',1,'jjj','2018-05-18 04:30:16',0,'[]',0,0,'',0,0,'',''),(10,'2018-05-18 16:31:12','2018-06-06 21:30:48',1,'rtrtrt','2018-05-18 04:31:09',0,'[{\"id\":24,\"name\":\"kkkkkkk\",\"created_at\":\"2018-05-18 16:31:18\",\"updated_at\":\"2018-05-18 16:31:18\",\"pivot\":{\"auction_id\":10,\"item_id\":24}},{\"id\":25,\"name\":\"ghghgh\",\"created_at\":\"2018-05-18 16:31:34\",\"updated_at\":\"2018-05-18 16:31:34\",\"pivot\":{\"auction_id\":10,\"item_id\":25}},{\"id\":26,\"name\":\"eeeee\",\"created_at\":\"2018-05-18 16:31:39\",\"updated_at\":\"2018-05-18 16:31:39\",\"pivot\":{\"auction_id\":10,\"item_id\":26}},{\"id\":27,\"name\":\"f3223434\",\"created_at\":\"2018-05-18 16:31:44\",\"updated_at\":\"2018-05-18 16:31:44\",\"pivot\":{\"auction_id\":10,\"item_id\":27}},{\"id\":28,\"name\":\"yyy\",\"created_at\":\"2018-06-06 21:28:55\",\"updated_at\":\"2018-06-06 21:28:55\",\"pivot\":{\"auction_id\":10,\"item_id\":28}},{\"id\":29,\"name\":\"yuyuy\",\"created_at\":\"2018-06-06 21:30:48\",\"updated_at\":\"2018-06-06 21:30:48\",\"pivot\":{\"auction_id\":10,\"item_id\":29}}]',0,0,'',0,0,'',''),(11,'2018-05-26 06:58:51','2018-06-19 18:14:20',4,'message test 2','2018-05-26 06:58:43',0,'[{\"id\":34,\"name\":\"eeeee\",\"created_at\":\"2018-06-19 18:14:20\",\"updated_at\":\"2018-06-19 18:14:20\",\"pivot\":{\"auction_id\":11,\"item_id\":34}}]',0,0,'',0,0,'',''),(12,'2018-06-11 00:47:47','2018-06-15 17:00:02',1,'wewewewewe','2018-06-11 12:47:43',0,'[{\"id\":30,\"name\":\"ididididid\",\"created_at\":\"2018-06-15 17:00:02\",\"updated_at\":\"2018-06-15 17:00:02\",\"pivot\":{\"auction_id\":12,\"item_id\":30}}]',0,0,'',0,0,'',''),(13,'2018-06-15 02:32:46','2018-06-15 02:32:46',1,'newtest123','2018-07-01 02:32:39',0,'[]',0,0,'',0,0,'',''),(14,'2018-06-19 18:17:49','2018-06-19 18:22:29',1,'new broadcast test','2018-06-19 06:17:42',0,'[{\"id\":35,\"name\":\"1111111\",\"created_at\":\"2018-06-19 18:18:30\",\"updated_at\":\"2018-06-19 18:18:30\",\"pivot\":{\"auction_id\":14,\"item_id\":35}},{\"id\":36,\"name\":\"22222\",\"created_at\":\"2018-06-19 18:22:13\",\"updated_at\":\"2018-06-19 18:22:13\",\"pivot\":{\"auction_id\":14,\"item_id\":36}},{\"id\":37,\"name\":\"3333\",\"created_at\":\"2018-06-19 18:22:29\",\"updated_at\":\"2018-06-19 18:22:29\",\"pivot\":{\"auction_id\":14,\"item_id\":37}}]',0,0,'',0,0,'',''),(15,'2018-06-19 18:26:47','2018-06-19 18:27:55',1,'debug111','2018-06-19 06:26:43',0,'[{\"name\":\"11111\",\"updated_at\":\"2018-06-19 18:26:56\",\"created_at\":\"2018-06-19 18:26:56\",\"id\":38},{\"name\":\"2222\",\"updated_at\":\"2018-06-19 18:27:55\",\"created_at\":\"2018-06-19 18:27:55\",\"id\":39}]',0,0,'',0,0,'',''),(16,'2018-06-19 18:30:02','2018-06-19 18:30:09',1,'debug222','1970-01-01 12:00:00',0,'[{\"name\":\"111\",\"updated_at\":\"2018-06-19 18:30:09\",\"created_at\":\"2018-06-19 18:30:09\",\"id\":40}]',0,0,'',0,0,'',''),(17,'2018-06-19 18:32:18','2018-06-19 19:13:20',1,'debug3','2018-06-19 06:32:15',0,'[]',0,0,'',0,0,'',''),(18,'2018-06-19 19:15:25','2018-06-19 19:20:08',1,'debug4','2018-06-19 07:15:21',0,'[{\"id\":50,\"name\":\"rrrr1111\",\"created_at\":\"2018-06-19 19:15:35\",\"updated_at\":\"2018-06-19 19:15:35\",\"pivot\":{\"auction_id\":18,\"item_id\":50}}]',0,0,'',0,0,'',''),(19,'2018-06-19 19:21:40','2018-06-19 19:33:00',1,'debug5','2018-06-19 07:21:37',0,'[{\"id\":57,\"name\":\"444\",\"created_at\":\"2018-06-19 19:22:10\",\"updated_at\":\"2018-06-19 19:22:10\",\"pivot\":{\"auction_id\":19,\"item_id\":57}},{\"id\":58,\"name\":\"555\",\"created_at\":\"2018-06-19 19:22:16\",\"updated_at\":\"2018-06-19 19:22:16\",\"pivot\":{\"auction_id\":19,\"item_id\":58}}]',0,0,'',0,0,'',''),(20,'2018-06-19 19:35:26','2018-06-19 19:36:45',1,'debug6','2018-06-19 07:35:23',0,'[{\"name\":\"1111\",\"updated_at\":\"2018-06-19 19:36:26\",\"created_at\":\"2018-06-19 19:36:26\",\"id\":59},{\"name\":\"222\",\"updated_at\":\"2018-06-19 19:36:38\",\"created_at\":\"2018-06-19 19:36:38\",\"id\":60},{\"name\":\"333\",\"updated_at\":\"2018-06-19 19:36:45\",\"created_at\":\"2018-06-19 19:36:45\",\"id\":61}]',0,0,'',0,0,'',''),(21,'2018-06-19 19:40:27','2018-06-19 19:41:11',1,'db7','2018-06-19 07:40:24',0,'[{\"id\":63,\"name\":\"22\",\"created_at\":\"2018-06-19 19:40:58\",\"updated_at\":\"2018-06-19 19:40:58\",\"pivot\":{\"auction_id\":21,\"item_id\":63}},{\"id\":64,\"name\":\"33333\",\"created_at\":\"2018-06-19 19:41:04\",\"updated_at\":\"2018-06-19 19:41:04\",\"pivot\":{\"auction_id\":21,\"item_id\":64}}]',0,0,'',0,0,'',''),(22,'2018-06-29 21:31:39','2018-06-29 21:39:04',1,'bid increment test','2018-06-29 09:31:32',1,'[{\"name\":\"dfdfdf\",\"updated_at\":\"2018-06-29 21:39:04\",\"created_at\":\"2018-06-29 21:39:04\",\"id\":69}]',10,0,'',0,0,'',''),(23,'2018-06-29 21:53:49','2018-06-30 05:43:33',1,'manual next test','2018-06-29 09:53:43',0,'[]',1,0,'',0,0,'',''),(24,'2018-06-30 05:57:38','2018-07-13 18:58:03',1,'items widget test','2018-06-30 05:57:30',0,'[{\"id\":83,\"name\":\"lklklklklklk\",\"created_at\":\"2018-07-13 18:55:29\",\"updated_at\":\"2018-07-13 18:55:29\",\"pivot\":{\"auction_id\":24,\"item_id\":83}}]',1,1,'',0,0,'',''),(25,'2018-07-13 20:59:31','2018-07-13 20:59:31',1,'rules test','2018-07-13 08:58:21',1,'[]',10,1,'the rules',0,0,'',''),(26,'2018-07-13 21:02:17','2018-07-13 21:02:17',1,'qwqwqwqw','2018-07-13 09:02:11',1,'[]',1,1,'<p>the rules, yo</p>',0,0,'',''),(27,'2018-07-13 21:04:23','2018-07-13 21:04:23',2,'rules test action 2','2018-07-13 09:04:18',0,'[]',1,0,'<p><strong>the rules</strong></p>',0,0,'',''),(28,'2018-07-13 21:27:39','2018-07-13 22:27:45',1,'timer and snipe test','2018-07-13 09:27:32',0,'[]',1,0,'<p>fcdfdfadf</p>',30,15,'',''),(29,'2018-07-13 21:41:03','2018-07-24 04:48:01',1,'timer test','2018-07-13 09:40:51',0,'[{\"id\":94,\"name\":\"ssswswswsw\",\"created_at\":\"2018-07-23 20:56:44\",\"updated_at\":\"2018-07-23 20:56:44\",\"pivot\":{\"auction_id\":29,\"item_id\":94}},{\"id\":95,\"name\":\"ccccccc\",\"created_at\":\"2018-07-23 21:01:41\",\"updated_at\":\"2018-07-23 21:01:41\",\"pivot\":{\"auction_id\":29,\"item_id\":95}}]',10,1,'<p>fdfdfdf</p>',10,5,'{\"status\":{\"in_progress\":true,\"label\":\"In Progress\"},\"time_remaining\":10,\"item_end_time\":1532407691,\"test\":{\"actual_time\":\"08:34:56\",\"expected_time\":\"08:34:49\",\"time_difference\":7,\"item_end_time\":\"08:34:49\",\"time_remaining\":0}}',''),(30,'2018-07-20 22:31:03','2018-07-20 22:44:59',7,'another timer test','2018-07-20 10:27:03',0,'[{\"name\":\"dfdfdfdf\",\"updated_at\":\"2018-07-20 22:44:41\",\"created_at\":\"2018-07-20 22:44:41\",\"id\":89}]',1,0,'<p>fadsf;lkajd;sfkj;</p>',10,5,'{\"status\":{\"in_progress\":false,\"label\":\"Paused\"},\"time_remaining\":1}','[]'),(31,'2018-07-20 23:21:44','2018-07-20 23:21:44',7,'new test','2018-07-20 11:21:31',0,'[]',1,1,'<p>sdks;lk;k</p>',10,5,'{\"status\":{\"label\":\"Not Started\",\"in_progress\":false},\"time_remaining\":\"10\"}','[]'),(32,'2018-07-21 05:10:09','2018-07-21 05:10:21',1,'new item test','2018-07-21 05:09:52',0,'[{\"name\":\"ddfdfdfdf\",\"updated_at\":\"2018-07-21 05:10:21\",\"created_at\":\"2018-07-21 05:10:21\",\"id\":92}]',1,1,'<p>fjfjfjfj</p>',30,15,'{\"status\":{\"label\":\"Not Started\",\"in_progress\":false},\"time_remaining\":30}','[]'),(33,'2018-07-23 21:08:06','2018-07-23 21:11:40',1,'new timer test','2018-07-23 09:07:53',0,'[{\"name\":\"yuyuuu\",\"updated_at\":\"2018-07-23 21:11:40\",\"created_at\":\"2018-07-23 21:11:40\",\"id\":97}]',1,1,'<p>dffdgfgfg</p>',30,15,'{\"status\":{\"in_progress\":true,\"label\":\"In Progress\"},\"time_remaining\":0,\"item_end_time\":1532380300}','[]');
/*!40000 ALTER TABLE `auctions` ENABLE KEYS */;
UNLOCK TABLES;

--
-- Table structure for table `bids`
--

DROP TABLE IF EXISTS `bids`;
/*!40101 SET @saved_cs_client     = @@character_set_client */;
/*!40101 SET character_set_client = utf8 */;
CREATE TABLE `bids` (
  `id` int(10) unsigned NOT NULL AUTO_INCREMENT,
  `created_at` timestamp NULL DEFAULT NULL,
  `updated_at` timestamp NULL DEFAULT NULL,
  `amount` decimal(13,4) NOT NULL,
  `user_id` int(10) unsigned NOT NULL,
  `item_id` int(10) unsigned NOT NULL,
  `auction_id` int(10) unsigned NOT NULL,
  PRIMARY KEY (`id`),
  KEY `bids_user_id_foreign` (`user_id`),
  KEY `bids_item_id_foreign` (`item_id`),
  KEY `bids_auction_id_foreign` (`auction_id`),
  CONSTRAINT `bids_auction_id_foreign` FOREIGN KEY (`auction_id`) REFERENCES `auctions` (`id`) ON DELETE CASCADE,
  CONSTRAINT `bids_item_id_foreign` FOREIGN KEY (`item_id`) REFERENCES `items` (`id`) ON DELETE CASCADE,
  CONSTRAINT `bids_user_id_foreign` FOREIGN KEY (`user_id`) REFERENCES `users` (`id`) ON DELETE CASCADE
) ENGINE=InnoDB AUTO_INCREMENT=558 DEFAULT CHARSET=utf8mb4 COLLATE=utf8mb4_unicode_ci;
/*!40101 SET character_set_client = @saved_cs_client */;

--
-- Dumping data for table `bids`
--

LOCK TABLES `bids` WRITE;
/*!40000 ALTER TABLE `bids` DISABLE KEYS */;
INSERT INTO `bids` VALUES (1,'2018-05-18 14:22:21','2018-05-18 14:22:21',3.0000,1,9,5),(2,'2018-05-18 15:24:43','2018-05-18 15:24:43',3.0000,1,9,5),(3,'2018-05-18 15:32:26','2018-05-18 15:32:26',3.0000,1,9,5),(4,'2018-05-18 15:32:26','2018-05-18 15:32:26',3.0000,1,9,5),(5,'2018-05-18 15:32:26','2018-05-18 15:32:26',3.0000,1,9,5),(6,'2018-05-18 15:32:26','2018-05-18 15:32:26',3.0000,1,9,5),(7,'2018-05-18 15:32:26','2018-05-18 15:32:26',3.0000,1,9,5),(8,'2018-05-18 15:32:29','2018-05-18 15:32:29',3.0000,1,9,5),(9,'2018-05-18 15:32:29','2018-05-18 15:32:29',3.0000,1,9,5),(10,'2018-05-18 15:33:58','2018-05-18 15:33:58',3.0000,1,9,5),(11,'2018-05-18 15:35:32','2018-05-18 15:35:32',3.0000,1,9,5),(12,'2018-05-18 15:36:31','2018-05-18 15:36:31',5.0000,1,9,5),(13,'2018-05-18 15:36:57','2018-05-18 15:36:57',4.0000,1,9,5),(14,'2018-05-18 15:45:44','2018-05-18 15:45:44',13.0000,1,9,5),(15,'2018-05-18 16:08:46','2018-05-18 16:08:46',14.0000,1,9,5),(16,'2018-05-18 16:08:48','2018-05-18 16:08:48',15.0000,1,9,5),(17,'2018-05-18 16:08:53','2018-05-18 16:08:53',20.0000,1,9,5),(18,'2018-05-18 16:10:54','2018-05-18 16:10:54',21.0000,1,9,5),(19,'2018-05-18 16:10:56','2018-05-18 16:10:56',22.0000,1,9,5),(20,'2018-05-18 16:10:59','2018-05-18 16:10:59',29.0000,1,9,5),(21,'2018-05-18 16:11:02','2018-05-18 16:11:02',30.0000,1,9,5),(22,'2018-05-18 16:11:02','2018-05-18 16:11:02',30.0000,1,9,5),(23,'2018-05-18 16:11:02','2018-05-18 16:11:02',30.0000,1,9,5),(24,'2018-05-18 16:11:24','2018-05-18 16:11:24',31.0000,1,9,5),(25,'2018-05-18 16:22:40','2018-05-18 16:22:40',1.0000,1,15,7),(26,'2018-05-18 16:24:52','2018-05-18 16:24:52',1.0000,1,16,8),(27,'2018-05-18 16:24:55','2018-05-18 16:24:55',2.0000,1,16,8),(28,'2018-05-18 16:24:58','2018-05-18 16:24:58',7.0000,1,16,8),(29,'2018-05-18 16:25:05','2018-05-18 16:25:05',8.0000,1,16,8),(30,'2018-05-18 16:25:55','2018-05-18 16:25:55',20.0000,1,16,8),(31,'2018-05-18 16:26:00','2018-05-18 16:26:00',21.0000,1,16,8),(32,'2018-05-18 16:31:24','2018-05-18 16:31:24',1.0000,1,24,10),(33,'2018-05-18 16:31:28','2018-05-18 16:31:28',2.0000,1,24,10),(34,'2018-05-18 16:31:45','2018-05-18 16:31:45',3.0000,1,24,10),(35,'2018-05-18 16:31:49','2018-05-18 16:31:49',9.0000,1,24,10),(36,'2018-05-18 16:31:56','2018-05-18 16:31:56',10.0000,1,24,10),(37,'2018-05-18 16:32:00','2018-05-18 16:32:00',15.0000,1,24,10),(38,'2018-05-18 16:32:02','2018-05-18 16:32:02',20.0000,1,24,10),(39,'2018-05-18 16:32:04','2018-05-18 16:32:04',21.0000,1,24,10),(40,'2018-05-18 17:30:16','2018-05-18 17:30:16',22.0000,1,24,10),(41,'2018-05-18 17:30:21','2018-05-18 17:30:21',23.0000,1,24,10),(42,'2018-05-18 17:30:24','2018-05-18 17:30:24',29.0000,1,24,10),(43,'2018-05-25 18:30:21','2018-05-25 18:30:21',1.0000,1,14,6),(44,'2018-05-25 18:30:24','2018-05-25 18:30:24',2.0000,1,14,6),(45,'2018-05-25 18:30:26','2018-05-25 18:30:26',6.0000,1,14,6),(46,'2018-05-25 18:30:31','2018-05-25 18:30:31',7.0000,1,14,6),(47,'2018-06-06 15:40:27','2018-06-06 15:40:27',32.0000,1,9,5),(48,'2018-06-06 15:43:44','2018-06-06 15:43:44',41.0000,1,9,5),(49,'2018-06-06 15:43:58','2018-06-06 15:43:58',42.0000,1,9,5),(50,'2018-06-06 16:10:43','2018-06-06 16:10:43',43.0000,1,9,5),(51,'2018-06-06 16:10:49','2018-06-06 16:10:49',44.0000,1,9,5),(52,'2018-06-06 20:01:20','2018-06-06 20:01:20',47.0000,1,9,5),(53,'2018-06-06 20:01:24','2018-06-06 20:01:24',48.0000,1,9,5),(54,'2018-06-06 20:10:20','2018-06-06 20:10:20',4.0000,1,15,7),(55,'2018-06-06 21:27:34','2018-06-06 21:27:34',30.0000,1,24,10),(56,'2018-06-10 22:19:21','2018-06-10 22:19:21',49.0000,1,9,5),(57,'2018-06-10 22:19:40','2018-06-10 22:19:40',54.0000,1,9,5),(58,'2018-06-10 22:27:41','2018-06-10 22:27:41',55.0000,1,9,5),(59,'2018-06-10 22:28:38','2018-06-10 22:28:38',56.0000,1,9,5),(60,'2018-06-10 22:29:08','2018-06-10 22:29:08',57.0000,1,9,5),(61,'2018-06-10 22:29:55','2018-06-10 22:29:55',58.0000,1,9,5),(62,'2018-06-10 22:30:19','2018-06-10 22:30:19',59.0000,1,9,5),(63,'2018-06-10 22:30:46','2018-06-10 22:30:46',60.0000,1,9,5),(64,'2018-06-10 22:31:11','2018-06-10 22:31:11',61.0000,1,9,5),(65,'2018-06-10 22:32:10','2018-06-10 22:32:10',62.0000,1,9,5),(66,'2018-06-10 22:32:46','2018-06-10 22:32:46',63.0000,1,9,5),(67,'2018-06-10 22:32:48','2018-06-10 22:32:48',63.0000,1,9,5),(68,'2018-06-10 22:33:45','2018-06-10 22:33:45',64.0000,1,9,5),(69,'2018-06-10 22:34:05','2018-06-10 22:34:05',65.0000,1,9,5),(70,'2018-06-10 22:34:40','2018-06-10 22:34:40',66.0000,1,9,5),(71,'2018-06-10 22:38:18','2018-06-10 22:38:18',67.0000,1,9,5),(72,'2018-06-10 22:38:21','2018-06-10 22:38:21',67.0000,1,9,5),(73,'2018-06-10 22:39:31','2018-06-10 22:39:31',68.0000,1,9,5),(74,'2018-06-10 22:40:11','2018-06-10 22:40:11',69.0000,1,9,5),(75,'2018-06-10 22:40:25','2018-06-10 22:40:25',69.0000,1,9,5),(76,'2018-06-10 22:40:27','2018-06-10 22:40:27',69.0000,1,9,5),(77,'2018-06-10 22:40:32','2018-06-10 22:40:32',70.0000,1,9,5),(78,'2018-06-10 22:41:38','2018-06-10 22:41:38',71.0000,1,9,5),(79,'2018-06-10 22:41:42','2018-06-10 22:41:42',72.0000,1,9,5),(80,'2018-06-10 22:42:51','2018-06-10 22:42:51',73.0000,1,9,5),(81,'2018-06-10 22:42:53','2018-06-10 22:42:53',74.0000,1,9,5),(82,'2018-06-10 22:42:55','2018-06-10 22:42:55',75.0000,1,9,5),(83,'2018-06-10 22:43:01','2018-06-10 22:43:01',80.0000,1,9,5),(84,'2018-06-14 18:46:39','2018-06-14 18:46:39',81.0000,1,9,5),(85,'2018-06-14 18:49:19','2018-06-14 18:49:19',84.0000,1,9,5),(86,'2018-06-14 18:49:33','2018-06-14 18:49:33',85.0000,1,9,5),(87,'2018-06-14 19:55:00','2018-06-14 19:55:00',86.0000,1,9,5),(88,'2018-06-14 19:56:33','2018-06-14 19:56:33',87.0000,1,9,5),(89,'2018-06-14 19:57:10','2018-06-14 19:57:10',88.0000,4,9,5),(90,'2018-06-14 19:57:34','2018-06-14 19:57:34',89.0000,4,9,5),(91,'2018-06-14 20:02:53','2018-06-14 20:02:53',90.0000,4,9,5),(92,'2018-06-14 20:03:01','2018-06-14 20:03:01',90.0000,1,9,5),(93,'2018-06-14 20:03:04','2018-06-14 20:03:04',91.0000,1,9,5),(94,'2018-06-14 20:25:20','2018-06-14 20:25:20',92.0000,4,9,5),(95,'2018-06-14 20:59:03','2018-06-14 20:59:03',93.0000,4,9,5),(96,'2018-06-14 20:59:24','2018-06-14 20:59:24',94.0000,4,9,5),(97,'2018-06-14 20:59:52','2018-06-14 20:59:52',95.0000,4,9,5),(98,'2018-06-14 21:00:36','2018-06-14 21:00:36',96.0000,4,9,5),(99,'2018-06-14 21:01:15','2018-06-14 21:01:15',97.0000,4,9,5),(100,'2018-06-14 21:01:23','2018-06-14 21:01:23',98.0000,4,9,5),(101,'2018-06-14 21:02:09','2018-06-14 21:02:09',99.0000,4,9,5),(102,'2018-06-14 21:02:12','2018-06-14 21:02:12',100.0000,4,9,5),(103,'2018-06-14 21:02:21','2018-06-14 21:02:21',101.0000,4,9,5),(104,'2018-06-14 21:04:07','2018-06-14 21:04:07',102.0000,4,9,5),(105,'2018-06-14 21:08:31','2018-06-14 21:08:31',103.0000,4,9,5),(106,'2018-06-14 21:08:35','2018-06-14 21:08:35',104.0000,4,9,5),(107,'2018-06-14 21:08:40','2018-06-14 21:08:40',103.0000,1,9,5),(108,'2018-06-14 21:08:47','2018-06-14 21:08:47',104.0000,1,9,5),(109,'2018-06-14 21:08:52','2018-06-14 21:08:52',105.0000,1,9,5),(110,'2018-06-14 21:23:09','2018-06-14 21:23:09',106.0000,4,9,5),(111,'2018-06-14 21:23:47','2018-06-14 21:23:47',106.0000,1,9,5),(112,'2018-06-14 21:26:03','2018-06-14 21:26:03',107.0000,4,9,5),(113,'2018-06-14 21:26:11','2018-06-14 21:26:11',108.0000,1,9,5),(114,'2018-06-14 21:30:54','2018-06-14 21:30:54',109.0000,4,9,5),(115,'2018-06-14 21:30:59','2018-06-14 21:30:59',109.0000,1,9,5),(116,'2018-06-14 22:09:12','2018-06-14 22:09:12',110.0000,1,9,5),(117,'2018-06-14 22:10:26','2018-06-14 22:10:26',111.0000,1,9,5),(118,'2018-06-14 22:10:53','2018-06-14 22:10:53',112.0000,1,9,5),(119,'2018-06-14 22:11:05','2018-06-14 22:11:05',112.0000,1,9,5),(120,'2018-06-14 22:11:29','2018-06-14 22:11:29',112.0000,1,9,5),(121,'2018-06-14 22:12:12','2018-06-14 22:12:12',113.0000,1,9,5),(122,'2018-06-14 22:12:55','2018-06-14 22:12:55',113.0000,1,9,5),(123,'2018-06-14 22:13:07','2018-06-14 22:13:07',114.0000,4,9,5),(124,'2018-06-14 22:14:10','2018-06-14 22:14:10',115.0000,4,9,5),(125,'2018-06-15 02:01:28','2018-06-15 02:01:28',116.0000,1,9,5),(126,'2018-06-15 02:01:53','2018-06-15 02:01:53',117.0000,4,9,5),(127,'2018-06-15 02:01:56','2018-06-15 02:01:56',118.0000,4,9,5),(128,'2018-06-15 02:08:49','2018-06-15 02:08:49',119.0000,4,9,5),(129,'2018-06-15 02:10:04','2018-06-15 02:10:04',120.0000,4,9,5),(130,'2018-06-15 02:10:12','2018-06-15 02:10:12',121.0000,4,9,5),(131,'2018-06-15 02:11:00','2018-06-15 02:11:00',122.0000,4,9,5),(132,'2018-06-15 02:11:51','2018-06-15 02:11:51',123.0000,4,9,5),(133,'2018-06-15 02:13:37','2018-06-15 02:13:37',124.0000,4,9,5),(134,'2018-06-15 02:14:16','2018-06-15 02:14:16',125.0000,4,9,5),(135,'2018-06-15 02:14:29','2018-06-15 02:14:29',125.0000,1,9,5),(136,'2018-06-15 02:14:37','2018-06-15 02:14:37',127.0000,4,9,5),(137,'2018-06-15 02:15:30','2018-06-15 02:15:30',128.0000,4,9,5),(138,'2018-06-15 02:15:57','2018-06-15 02:15:57',129.0000,4,9,5),(139,'2018-06-15 02:16:34','2018-06-15 02:16:34',130.0000,4,9,5),(140,'2018-06-15 02:16:45','2018-06-15 02:16:45',366.0000,1,9,5),(141,'2018-06-15 02:16:49','2018-06-15 02:16:49',367.0000,1,9,5),(142,'2018-06-15 02:16:56','2018-06-15 02:16:56',555.0000,4,9,5),(143,'2018-06-15 02:17:00','2018-06-15 02:17:00',556.0000,4,9,5),(144,'2018-06-15 02:17:19','2018-06-15 02:17:19',557.0000,1,9,5),(145,'2018-06-15 02:17:42','2018-06-15 02:17:42',366.0000,4,9,5),(146,'2018-06-15 02:19:00','2018-06-15 02:19:00',367.0000,4,9,5),(147,'2018-06-15 02:19:06','2018-06-15 02:19:06',368.0000,1,9,5),(148,'2018-06-15 03:19:45','2018-06-15 03:19:45',369.0000,4,9,5),(149,'2018-06-15 03:20:00','2018-06-15 03:20:00',370.0000,4,9,5),(150,'2018-06-15 03:20:07','2018-06-15 03:20:07',371.0000,4,9,5),(151,'2018-06-15 03:21:08','2018-06-15 03:21:08',372.0000,4,9,5),(152,'2018-06-15 03:21:54','2018-06-15 03:21:54',373.0000,4,9,5),(153,'2018-06-15 03:22:03','2018-06-15 03:22:03',374.0000,4,9,5),(154,'2018-06-15 03:22:28','2018-06-15 03:22:28',375.0000,4,9,5),(155,'2018-06-15 03:24:44','2018-06-15 03:24:44',376.0000,4,9,5),(156,'2018-06-15 03:24:49','2018-06-15 03:24:49',377.0000,1,9,5),(157,'2018-06-15 03:24:53','2018-06-15 03:24:53',378.0000,4,9,5),(158,'2018-06-15 03:26:25','2018-06-15 03:26:25',379.0000,1,9,5),(159,'2018-06-15 03:26:34','2018-06-15 03:26:34',380.0000,4,9,5),(160,'2018-06-15 03:27:23','2018-06-15 03:27:23',381.0000,4,9,5),(161,'2018-06-15 03:27:31','2018-06-15 03:27:31',382.0000,1,9,5),(162,'2018-06-15 03:27:38','2018-06-15 03:27:38',383.0000,4,9,5),(163,'2018-06-15 03:27:45','2018-06-15 03:27:45',384.0000,1,9,5),(164,'2018-06-15 03:27:50','2018-06-15 03:27:50',385.0000,4,9,5),(165,'2018-06-15 03:27:58','2018-06-15 03:27:58',393.0000,1,9,5),(166,'2018-06-15 03:41:14','2018-06-15 03:41:14',394.0000,4,9,5),(167,'2018-06-15 03:43:26','2018-06-15 03:43:26',395.0000,1,9,5),(168,'2018-06-15 03:47:52','2018-06-15 03:47:52',396.0000,4,9,5),(169,'2018-06-15 03:48:24','2018-06-15 03:48:24',397.0000,4,9,5),(170,'2018-06-15 03:48:33','2018-06-15 03:48:33',398.0000,4,9,5),(171,'2018-06-15 03:50:45','2018-06-15 03:50:45',399.0000,4,9,5),(172,'2018-06-15 03:50:49','2018-06-15 03:50:49',400.0000,1,9,5),(173,'2018-06-15 03:51:37','2018-06-15 03:51:37',401.0000,1,9,5),(174,'2018-06-15 03:51:42','2018-06-15 03:51:42',402.0000,4,9,5),(175,'2018-06-15 03:51:50','2018-06-15 03:51:50',403.0000,1,9,5),(176,'2018-06-15 03:51:52','2018-06-15 03:51:52',404.0000,4,9,5),(177,'2018-06-15 03:51:57','2018-06-15 03:51:57',405.0000,1,9,5),(178,'2018-06-15 03:58:06','2018-06-15 03:58:06',406.0000,4,9,5),(179,'2018-06-15 04:13:39','2018-06-15 04:13:39',407.0000,1,9,5),(180,'2018-06-15 04:13:45','2018-06-15 04:13:45',408.0000,4,9,5),(181,'2018-06-15 04:15:44','2018-06-15 04:15:44',409.0000,1,9,5),(182,'2018-06-15 04:15:48','2018-06-15 04:15:48',410.0000,4,9,5),(183,'2018-06-15 04:15:57','2018-06-15 04:15:57',411.0000,1,9,5),(184,'2018-06-15 04:15:58','2018-06-15 04:15:58',412.0000,1,9,5),(185,'2018-06-15 04:16:01','2018-06-15 04:16:01',413.0000,1,9,5),(186,'2018-06-15 04:16:04','2018-06-15 04:16:04',414.0000,1,9,5),(187,'2018-06-15 04:16:05','2018-06-15 04:16:05',415.0000,1,9,5),(188,'2018-06-15 04:16:07','2018-06-15 04:16:07',416.0000,1,9,5),(189,'2018-06-15 04:19:47','2018-06-15 04:19:47',417.0000,1,9,5),(190,'2018-06-15 04:25:07','2018-06-15 04:25:07',418.0000,4,9,5),(191,'2018-06-15 04:25:11','2018-06-15 04:25:11',419.0000,1,9,5),(192,'2018-06-15 04:25:15','2018-06-15 04:25:15',420.0000,4,9,5),(193,'2018-06-15 04:25:18','2018-06-15 04:25:18',421.0000,1,9,5),(194,'2018-06-15 19:05:59','2018-06-15 19:05:59',1.0000,1,30,12),(195,'2018-06-15 19:23:03','2018-06-15 19:23:03',1.0000,1,13,5),(196,'2018-06-15 19:24:44','2018-06-15 19:24:44',2.0000,1,13,5),(197,'2018-06-15 19:29:01','2018-06-15 19:29:01',3.0000,4,13,5),(198,'2018-06-15 19:29:41','2018-06-15 19:29:41',4.0000,4,13,5),(199,'2018-06-15 19:35:08','2018-06-15 19:35:08',5.0000,1,13,5),(200,'2018-06-15 19:49:19','2018-06-15 19:49:19',6.0000,4,13,5),(201,'2018-06-15 19:49:47','2018-06-15 19:49:47',7.0000,1,13,5),(202,'2018-06-15 19:50:02','2018-06-15 19:50:02',7.0000,1,13,5),(203,'2018-06-15 19:54:50','2018-06-15 19:54:50',8.0000,4,13,5),(204,'2018-06-15 19:55:20','2018-06-15 19:55:20',9.0000,1,13,5),(205,'2018-06-15 19:57:18','2018-06-15 19:57:18',10.0000,1,13,5),(206,'2018-06-15 20:01:12','2018-06-15 20:01:12',11.0000,1,13,5),(207,'2018-06-15 20:01:21','2018-06-15 20:01:21',12.0000,4,13,5),(208,'2018-06-15 20:02:46','2018-06-15 20:02:46',13.0000,4,13,5),(209,'2018-06-15 20:02:50','2018-06-15 20:02:50',14.0000,1,13,5),(210,'2018-06-15 20:02:54','2018-06-15 20:02:54',15.0000,1,13,5),(211,'2018-06-15 20:02:57','2018-06-15 20:02:57',16.0000,4,13,5),(212,'2018-06-15 20:08:15','2018-06-15 20:08:15',17.0000,1,13,5),(213,'2018-06-15 20:08:18','2018-06-15 20:08:18',18.0000,4,13,5),(214,'2018-06-15 20:42:40','2018-06-15 20:42:40',19.0000,1,13,5),(215,'2018-06-15 20:42:46','2018-06-15 20:42:46',20.0000,4,13,5),(216,'2018-06-16 03:44:10','2018-06-16 03:44:10',1.0000,1,9,5),(217,'2018-06-16 03:44:26','2018-06-16 03:44:26',1.0000,4,9,5),(218,'2018-06-16 03:45:04','2018-06-16 03:45:04',2.0000,1,9,5),(219,'2018-06-16 03:45:07','2018-06-16 03:45:07',3.0000,4,9,5),(220,'2018-06-16 03:45:56','2018-06-16 03:45:56',1.0000,4,9,5),(221,'2018-06-16 03:46:28','2018-06-16 03:46:28',1.0000,1,9,5),(222,'2018-06-16 03:46:37','2018-06-16 03:46:37',1.0000,1,9,5),(223,'2018-06-16 03:49:13','2018-06-16 03:49:13',1.0000,1,9,5),(224,'2018-06-16 03:50:28','2018-06-16 03:50:28',1.0000,1,9,5),(225,'2018-06-16 03:51:03','2018-06-16 03:51:03',1.0000,1,9,5),(226,'2018-06-16 03:51:28','2018-06-16 03:51:28',1.0000,1,9,5),(227,'2018-06-16 04:37:12','2018-06-16 04:37:12',1.0000,1,10,5),(228,'2018-06-16 04:41:48','2018-06-16 04:41:48',2.0000,1,9,5),(229,'2018-06-19 15:50:54','2018-06-19 15:50:54',2.0000,1,10,5),(230,'2018-06-19 15:53:56','2018-06-19 15:53:56',3.0000,1,10,5),(231,'2018-06-19 15:54:25','2018-06-19 15:54:25',4.0000,1,10,5),(232,'2018-06-19 15:55:13','2018-06-19 15:55:13',5.0000,1,10,5),(233,'2018-06-19 15:57:35','2018-06-19 15:57:35',6.0000,1,10,5),(234,'2018-06-19 15:58:02','2018-06-19 15:58:02',7.0000,1,10,5),(235,'2018-06-19 15:58:21','2018-06-19 15:58:21',8.0000,1,10,5),(236,'2018-06-19 15:59:01','2018-06-19 15:59:01',8.0000,1,10,5),(237,'2018-06-19 16:00:30','2018-06-19 16:00:30',8.0000,1,10,5),(238,'2018-06-19 16:01:18','2018-06-19 16:01:18',9.0000,1,10,5),(239,'2018-06-19 16:02:03','2018-06-19 16:02:03',10.0000,1,10,5),(240,'2018-06-19 16:03:14','2018-06-19 16:03:14',11.0000,1,10,5),(241,'2018-06-19 16:06:39','2018-06-19 16:06:39',12.0000,1,10,5),(242,'2018-06-19 16:06:42','2018-06-19 16:06:42',13.0000,1,10,5),(243,'2018-06-19 16:06:58','2018-06-19 16:06:58',14.0000,1,10,5),(244,'2018-06-19 16:10:32','2018-06-19 16:10:32',15.0000,1,10,5),(245,'2018-06-19 16:10:34','2018-06-19 16:10:34',16.0000,1,10,5),(246,'2018-06-19 16:10:48','2018-06-19 16:10:48',17.0000,4,10,5),(247,'2018-06-19 16:11:55','2018-06-19 16:11:55',18.0000,4,10,5),(248,'2018-06-19 16:12:33','2018-06-19 16:12:33',19.0000,4,10,5),(249,'2018-06-19 16:14:03','2018-06-19 16:14:03',20.0000,1,10,5),(250,'2018-06-19 16:22:29','2018-06-19 16:22:29',21.0000,1,10,5),(251,'2018-06-19 16:23:41','2018-06-19 16:23:41',22.0000,4,10,5),(252,'2018-06-19 16:25:25','2018-06-19 16:25:25',23.0000,1,10,5),(253,'2018-06-19 16:25:39','2018-06-19 16:25:39',24.0000,4,10,5),(254,'2018-06-19 16:27:41','2018-06-19 16:27:41',25.0000,1,10,5),(255,'2018-06-19 16:28:44','2018-06-19 16:28:44',26.0000,4,10,5),(256,'2018-06-19 16:31:36','2018-06-19 16:31:36',27.0000,1,10,5),(257,'2018-06-19 16:31:52','2018-06-19 16:31:52',28.0000,4,10,5),(258,'2018-06-19 16:32:41','2018-06-19 16:32:41',29.0000,4,10,5),(259,'2018-06-19 16:33:49','2018-06-19 16:33:49',30.0000,4,10,5),(260,'2018-06-19 16:34:24','2018-06-19 16:34:24',31.0000,4,10,5),(261,'2018-06-19 16:35:14','2018-06-19 16:35:14',32.0000,4,10,5),(262,'2018-06-19 16:35:22','2018-06-19 16:35:22',33.0000,4,10,5),(263,'2018-06-19 16:36:15','2018-06-19 16:36:15',34.0000,4,10,5),(264,'2018-06-19 16:37:22','2018-06-19 16:37:22',35.0000,4,10,5),(265,'2018-06-19 16:38:54','2018-06-19 16:38:54',36.0000,4,10,5),(266,'2018-06-19 16:39:21','2018-06-19 16:39:21',37.0000,4,10,5),(267,'2018-06-19 16:40:17','2018-06-19 16:40:17',38.0000,4,10,5),(268,'2018-06-19 16:40:22','2018-06-19 16:40:22',39.0000,1,10,5),(269,'2018-06-19 16:40:49','2018-06-19 16:40:49',40.0000,4,10,5),(270,'2018-06-19 16:40:53','2018-06-19 16:40:53',41.0000,1,10,5),(271,'2018-06-19 16:40:57','2018-06-19 16:40:57',42.0000,4,10,5),(272,'2018-06-19 16:41:01','2018-06-19 16:41:01',43.0000,1,10,5),(273,'2018-06-19 16:41:05','2018-06-19 16:41:05',49.0000,1,10,5),(274,'2018-06-19 16:41:11','2018-06-19 16:41:11',50.0000,4,10,5),(275,'2018-06-19 16:43:54','2018-06-19 16:43:54',51.0000,4,10,5),(276,'2018-06-19 16:43:58','2018-06-19 16:43:58',52.0000,1,10,5),(277,'2018-06-19 16:44:02','2018-06-19 16:44:02',53.0000,4,10,5),(278,'2018-06-19 16:44:06','2018-06-19 16:44:06',53.0000,4,10,5),(279,'2018-06-19 16:44:09','2018-06-19 16:44:09',53.0000,4,10,5),(280,'2018-06-19 16:44:19','2018-06-19 16:44:19',54.0000,4,10,5),(281,'2018-06-19 16:44:24','2018-06-19 16:44:24',54.0000,1,10,5),(282,'2018-06-19 16:44:39','2018-06-19 16:44:39',55.0000,1,10,5),(283,'2018-06-19 16:44:58','2018-06-19 16:44:58',56.0000,4,10,5),(284,'2018-06-19 16:45:12','2018-06-19 16:45:12',57.0000,1,10,5),(285,'2018-06-19 16:46:21','2018-06-19 16:46:21',58.0000,1,10,5),(286,'2018-06-19 16:46:37','2018-06-19 16:46:37',59.0000,1,10,5),(287,'2018-06-19 16:47:09','2018-06-19 16:47:09',60.0000,1,10,5),(288,'2018-06-19 16:47:26','2018-06-19 16:47:26',61.0000,1,10,5),(289,'2018-06-19 16:48:58','2018-06-19 16:48:58',62.0000,1,10,5),(290,'2018-06-19 16:49:09','2018-06-19 16:49:09',63.0000,1,10,5),(291,'2018-06-19 16:49:45','2018-06-19 16:49:45',63.0000,1,10,5),(292,'2018-06-19 16:50:16','2018-06-19 16:50:16',64.0000,1,10,5),(293,'2018-06-19 16:50:25','2018-06-19 16:50:25',65.0000,4,10,5),(294,'2018-06-19 16:50:52','2018-06-19 16:50:52',66.0000,1,10,5),(295,'2018-06-19 16:52:36','2018-06-19 16:52:36',67.0000,1,10,5),(296,'2018-06-19 16:53:23','2018-06-19 16:53:23',67.0000,4,10,5),(297,'2018-06-19 16:53:30','2018-06-19 16:53:30',68.0000,4,10,5),(298,'2018-06-19 16:54:54','2018-06-19 16:54:54',69.0000,1,10,5),(299,'2018-06-19 16:55:02','2018-06-19 16:55:02',70.0000,4,10,5),(300,'2018-06-19 17:36:03','2018-06-19 17:36:03',71.0000,4,10,5),(301,'2018-06-19 17:36:11','2018-06-19 17:36:11',72.0000,1,10,5),(302,'2018-06-19 17:37:17','2018-06-19 17:37:17',73.0000,1,10,5),(303,'2018-06-19 17:37:56','2018-06-19 17:37:56',74.0000,1,10,5),(304,'2018-06-19 17:37:59','2018-06-19 17:37:59',75.0000,1,10,5),(305,'2018-06-19 17:57:31','2018-06-19 17:57:31',76.0000,1,10,5),(306,'2018-06-19 17:57:46','2018-06-19 17:57:46',77.0000,4,10,5),(307,'2018-06-19 17:58:16','2018-06-19 17:58:16',78.0000,4,10,5),(308,'2018-06-19 17:58:19','2018-06-19 17:58:19',79.0000,1,10,5),(309,'2018-06-19 18:02:16','2018-06-19 18:02:16',80.0000,1,10,5),(310,'2018-06-19 18:02:20','2018-06-19 18:02:20',81.0000,4,10,5),(311,'2018-06-19 18:02:56','2018-06-19 18:02:56',82.0000,1,10,5),(312,'2018-06-19 18:11:29','2018-06-19 18:11:29',2.0000,1,31,5),(313,'2018-06-19 18:14:30','2018-06-19 18:14:30',2.0000,1,34,11),(314,'2018-06-19 18:14:42','2018-06-19 18:14:42',5.0000,4,15,7),(315,'2018-06-19 18:14:58','2018-06-19 18:14:58',6.0000,1,15,7),(316,'2018-06-19 18:15:01','2018-06-19 18:15:01',7.0000,4,15,7),(317,'2018-06-19 18:17:03','2018-06-19 18:17:03',8.0000,1,15,7),(318,'2018-06-19 18:19:45','2018-06-19 18:19:45',2.0000,1,35,14),(319,'2018-06-19 18:19:51','2018-06-19 18:19:51',3.0000,4,35,14),(320,'2018-06-19 18:19:55','2018-06-19 18:19:55',4.0000,1,35,14),(321,'2018-06-19 18:27:22','2018-06-19 18:27:22',2.0000,4,38,15),(322,'2018-06-19 18:27:29','2018-06-19 18:27:29',3.0000,4,38,15),(323,'2018-06-19 18:27:32','2018-06-19 18:27:32',4.0000,1,38,15),(324,'2018-06-19 18:27:34','2018-06-19 18:27:34',5.0000,4,38,15),(325,'2018-06-19 18:30:30','2018-06-19 18:30:30',2.0000,4,40,16),(326,'2018-06-19 18:30:34','2018-06-19 18:30:34',3.0000,1,40,16),(327,'2018-06-19 18:30:37','2018-06-19 18:30:37',4.0000,4,40,16),(328,'2018-06-19 18:34:56','2018-06-19 18:34:56',2.0000,4,41,17),(329,'2018-06-19 18:34:58','2018-06-19 18:34:58',3.0000,1,41,17),(330,'2018-06-19 18:46:26','2018-06-19 18:46:26',4.0000,4,41,17),(331,'2018-06-19 18:46:30','2018-06-19 18:46:30',5.0000,1,41,17),(332,'2018-06-19 18:46:35','2018-06-19 18:46:35',9.0000,4,41,17),(333,'2018-06-19 19:05:51','2018-06-19 19:05:51',10.0000,1,41,17),(334,'2018-06-19 19:24:52','2018-06-19 19:24:52',2.0000,4,54,19),(335,'2018-06-19 19:24:57','2018-06-19 19:24:57',3.0000,1,54,19),(336,'2018-06-19 19:27:58','2018-06-19 19:27:58',2.0000,4,56,19),(337,'2018-06-19 19:31:48','2018-06-19 19:31:48',3.0000,1,56,19),(338,'2018-06-19 19:31:51','2018-06-19 19:31:51',4.0000,4,56,19),(339,'2018-06-19 19:36:50','2018-06-19 19:36:50',2.0000,1,59,20),(340,'2018-06-19 19:36:54','2018-06-19 19:36:54',3.0000,4,59,20),(341,'2018-06-19 19:40:46','2018-06-19 19:40:46',2.0000,4,62,21),(342,'2018-06-19 19:40:48','2018-06-19 19:40:48',3.0000,1,62,21),(343,'2018-06-19 19:40:51','2018-06-19 19:40:51',4.0000,4,62,21),(344,'2018-06-19 19:41:06','2018-06-19 19:41:06',5.0000,4,62,21),(345,'2018-06-19 19:41:14','2018-06-19 19:41:14',2.0000,1,63,21),(346,'2018-06-19 19:41:16','2018-06-19 19:41:16',3.0000,4,63,21),(347,'2018-06-21 01:33:42','2018-06-21 01:33:42',558.0000,1,9,5),(348,'2018-06-21 01:34:11','2018-06-21 01:34:11',83.0000,1,10,5),(349,'2018-06-21 01:34:21','2018-06-21 01:34:21',2.0000,1,11,5),(350,'2018-06-21 01:34:23','2018-06-21 01:34:23',3.0000,1,11,5),(351,'2018-06-21 05:13:37','2018-06-21 05:13:37',8.0000,1,14,6),(352,'2018-06-21 05:13:40','2018-06-21 05:13:40',9.0000,1,14,6),(353,'2018-06-21 21:35:26','2018-06-21 21:35:26',2.0000,1,12,5),(354,'2018-06-21 21:35:50','2018-06-21 21:35:50',3.0000,4,12,5),(355,'2018-06-21 21:55:08','2018-06-21 21:55:08',21.0000,1,13,5),(356,'2018-06-21 21:56:11','2018-06-21 21:56:11',3.0000,1,31,5),(357,'2018-06-21 21:56:20','2018-06-21 21:56:20',4.0000,1,31,5),(358,'2018-06-21 23:08:30','2018-06-21 23:08:30',1.0000,1,66,5),(359,'2018-06-21 23:22:36','2018-06-21 23:22:36',2.0000,4,66,5),(360,'2018-06-21 23:22:39','2018-06-21 23:22:39',3.0000,1,66,5),(361,'2018-06-21 23:22:42','2018-06-21 23:22:42',4.0000,4,66,5),(362,'2018-06-29 20:44:25','2018-06-29 20:44:25',6.0000,1,67,5),(363,'2018-06-29 21:13:03','2018-06-29 21:13:03',21.0000,1,67,5),(364,'2018-06-29 21:13:09','2018-06-29 21:13:09',31.0000,1,67,5),(365,'2018-06-29 21:13:14','2018-06-29 21:13:14',51.0000,1,67,5),(366,'2018-06-29 21:31:57','2018-06-29 21:31:57',65.0000,1,68,22),(367,'2018-06-29 21:39:08','2018-06-29 21:39:08',20.0000,1,69,22),(368,'2018-06-29 21:54:01','2018-06-29 21:54:01',1.0000,1,70,23),(369,'2018-06-29 21:55:13','2018-06-29 21:55:13',2.0000,1,71,23),(370,'2018-06-30 04:18:30','2018-06-30 04:18:30',1.0000,1,73,23),(371,'2018-06-30 04:18:36','2018-06-30 04:18:36',6.0000,1,73,23),(372,'2018-06-30 04:18:42','2018-06-30 04:18:42',7.0000,1,73,23),(373,'2018-06-30 05:09:03','2018-06-30 05:09:03',4.0000,1,74,23),(374,'2018-06-30 05:42:21','2018-06-30 05:42:21',8.0000,2,74,23),(375,'2018-06-30 05:42:32','2018-06-30 05:42:32',9.0000,1,74,23),(376,'2018-06-30 05:43:01','2018-06-30 05:43:01',10.0000,2,74,23),(377,'2018-06-30 06:05:54','2018-06-30 06:05:54',1.0000,1,76,24),(378,'2018-07-13 04:18:23','2018-07-13 04:18:23',0.0000,1,75,5),(379,'2018-07-13 16:29:45','2018-07-13 16:29:45',5.0000,1,76,24),(380,'2018-07-13 16:35:40','2018-07-13 16:35:40',10.0000,1,76,24),(381,'2018-07-13 16:35:43','2018-07-13 16:35:43',11.0000,1,76,24),(382,'2018-07-13 16:35:45','2018-07-13 16:35:45',12.0000,1,76,24),(383,'2018-07-13 17:29:18','2018-07-13 17:29:18',22.0000,1,76,24),(384,'2018-07-13 17:30:49','2018-07-13 17:30:49',25.0000,1,76,24),(385,'2018-07-13 17:30:52','2018-07-13 17:30:52',26.0000,1,76,24),(386,'2018-07-13 18:09:58','2018-07-13 18:09:58',31.0000,1,76,24),(387,'2018-07-13 18:10:12','2018-07-13 18:10:12',32.0000,1,76,24),(388,'2018-07-13 18:12:01','2018-07-13 18:12:01',500.0000,1,76,24),(389,'2018-07-13 19:00:03','2018-07-13 19:00:03',1.0000,2,83,24),(390,'2018-07-13 19:00:06','2018-07-13 19:00:06',2.0000,1,83,24),(391,'2018-07-13 19:00:22','2018-07-13 19:00:22',3.0000,2,83,24),(392,'2018-07-13 19:00:34','2018-07-13 19:00:34',4.0000,2,83,24),(393,'2018-07-13 19:43:37','2018-07-13 19:43:37',13.0000,1,83,24),(394,'2018-07-13 19:43:40','2018-07-13 19:43:40',14.0000,1,83,24),(395,'2018-07-13 19:43:43','2018-07-13 19:43:43',18.0000,1,83,24),(396,'2018-07-13 21:46:38','2018-07-13 21:46:38',10.0000,1,85,29),(397,'2018-07-13 21:56:16','2018-07-13 21:56:16',1.0000,2,84,28),(398,'2018-07-13 21:56:21','2018-07-13 21:56:21',2.0000,1,84,28),(399,'2018-07-13 21:56:34','2018-07-13 21:56:34',20.0000,2,85,29),(400,'2018-07-13 21:56:37','2018-07-13 21:56:37',30.0000,1,85,29),(401,'2018-07-13 21:56:46','2018-07-13 21:56:46',40.0000,2,85,29),(402,'2018-07-13 21:56:59','2018-07-13 21:56:59',50.0000,1,85,29),(403,'2018-07-13 21:57:07','2018-07-13 21:57:07',60.0000,2,85,29),(404,'2018-07-13 21:57:21','2018-07-13 21:57:21',70.0000,1,85,29),(405,'2018-07-13 22:04:20','2018-07-13 22:04:20',80.0000,2,85,29),(406,'2018-07-13 22:04:28','2018-07-13 22:04:28',90.0000,1,85,29),(407,'2018-07-13 22:05:33','2018-07-13 22:05:33',100.0000,2,85,29),(408,'2018-07-13 22:05:41','2018-07-13 22:05:41',110.0000,1,85,29),(409,'2018-07-13 22:06:46','2018-07-13 22:06:46',120.0000,1,85,29),(410,'2018-07-13 22:06:52','2018-07-13 22:06:52',130.0000,2,85,29),(411,'2018-07-13 22:07:05','2018-07-13 22:07:05',140.0000,1,85,29),(412,'2018-07-13 22:09:51','2018-07-13 22:09:51',150.0000,1,85,29),(413,'2018-07-13 22:09:59','2018-07-13 22:09:59',160.0000,1,85,29),(414,'2018-07-13 22:45:20','2018-07-13 22:45:20',170.0000,1,85,29),(415,'2018-07-13 22:45:29','2018-07-13 22:45:29',180.0000,2,85,29),(416,'2018-07-13 22:54:54','2018-07-13 22:54:54',190.0000,2,85,29),(417,'2018-07-13 22:55:01','2018-07-13 22:55:01',200.0000,2,85,29),(418,'2018-07-13 22:55:06','2018-07-13 22:55:06',210.0000,1,85,29),(419,'2018-07-13 22:55:16','2018-07-13 22:55:16',220.0000,1,85,29),(420,'2018-07-13 22:55:25','2018-07-13 22:55:25',230.0000,1,85,29),(421,'2018-07-13 22:55:34','2018-07-13 22:55:34',240.0000,1,85,29),(422,'2018-07-13 22:55:40','2018-07-13 22:55:40',250.0000,2,85,29),(423,'2018-07-13 22:55:44','2018-07-13 22:55:44',260.0000,2,85,29),(424,'2018-07-13 22:55:47','2018-07-13 22:55:47',270.0000,2,85,29),(425,'2018-07-13 22:55:51','2018-07-13 22:55:51',280.0000,1,85,29),(426,'2018-07-13 22:55:53','2018-07-13 22:55:53',290.0000,2,85,29),(427,'2018-07-13 22:55:57','2018-07-13 22:55:57',300.0000,2,85,29),(428,'2018-07-13 22:56:05','2018-07-13 22:56:05',310.0000,2,85,29),(429,'2018-07-13 22:56:13','2018-07-13 22:56:13',320.0000,1,85,29),(430,'2018-07-13 22:56:22','2018-07-13 22:56:22',330.0000,2,85,29),(431,'2018-07-13 22:56:29','2018-07-13 22:56:29',340.0000,1,85,29),(432,'2018-07-13 22:56:37','2018-07-13 22:56:37',350.0000,2,85,29),(433,'2018-07-13 22:57:33','2018-07-13 22:57:33',360.0000,1,85,29),(434,'2018-07-13 22:57:36','2018-07-13 22:57:36',370.0000,1,85,29),(435,'2018-07-13 22:57:39','2018-07-13 22:57:39',380.0000,2,85,29),(436,'2018-07-13 22:57:47','2018-07-13 22:57:47',390.0000,2,85,29),(437,'2018-07-13 22:57:51','2018-07-13 22:57:51',400.0000,1,85,29),(438,'2018-07-19 23:31:46','2018-07-19 23:31:46',0.0000,1,87,5),(439,'2018-07-19 23:32:15','2018-07-19 23:32:15',10.0000,4,86,29),(440,'2018-07-19 23:32:20','2018-07-19 23:32:20',0.0000,1,87,5),(441,'2018-07-19 23:32:25','2018-07-19 23:32:25',20.0000,4,86,29),(442,'2018-07-19 23:32:30','2018-07-19 23:32:30',100.0000,4,86,29),(443,'2018-07-19 23:32:43','2018-07-19 23:32:43',33.0000,1,87,5),(444,'2018-07-19 23:32:50','2018-07-19 23:32:50',333.0000,1,87,5),(445,'2018-07-19 23:33:08','2018-07-19 23:33:08',110.0000,4,86,29),(446,'2018-07-19 23:33:14','2018-07-19 23:33:14',333.0000,1,87,5),(447,'2018-07-19 23:33:19','2018-07-19 23:33:19',120.0000,4,86,29),(448,'2018-07-19 23:33:35','2018-07-19 23:33:35',333.0000,4,87,5),(449,'2018-07-19 23:33:48','2018-07-19 23:33:48',0.0000,1,88,5),(450,'2018-07-19 23:33:55','2018-07-19 23:33:55',10.0000,4,88,5),(451,'2018-07-19 23:33:58','2018-07-19 23:33:58',10.0000,1,88,5),(452,'2018-07-19 23:34:04','2018-07-19 23:34:04',10.0000,4,88,5),(453,'2018-07-19 23:34:41','2018-07-19 23:34:41',130.0000,4,86,29),(454,'2018-07-19 23:36:22','2018-07-19 23:36:22',140.0000,5,86,29),(455,'2018-07-19 23:37:28','2018-07-19 23:37:28',150.0000,6,86,29),(456,'2018-07-19 23:37:33','2018-07-19 23:37:33',160.0000,1,86,29),(457,'2018-07-19 23:37:36','2018-07-19 23:37:36',170.0000,6,86,29),(458,'2018-07-20 04:37:10','2018-07-20 04:37:10',180.0000,1,86,29),(459,'2018-07-20 06:29:34','2018-07-20 06:29:34',240.0000,1,86,29),(460,'2018-07-20 06:40:19','2018-07-20 06:40:19',250.0000,1,86,29),(461,'2018-07-20 19:46:47','2018-07-20 19:46:47',260.0000,1,86,29),(462,'2018-07-20 19:46:56','2018-07-20 19:46:56',270.0000,1,86,29),(463,'2018-07-20 19:48:37','2018-07-20 19:48:37',280.0000,1,86,29),(464,'2018-07-20 19:48:39','2018-07-20 19:48:39',290.0000,1,86,29),(465,'2018-07-20 19:48:42','2018-07-20 19:48:42',300.0000,1,86,29),(466,'2018-07-21 04:37:21','2018-07-21 04:37:21',310.0000,1,86,29),(467,'2018-07-21 04:39:20','2018-07-21 04:39:20',320.0000,1,86,29),(468,'2018-07-21 04:39:23','2018-07-21 04:39:23',330.0000,1,86,29),(469,'2018-07-21 04:39:25','2018-07-21 04:39:25',340.0000,1,86,29),(470,'2018-07-21 04:39:34','2018-07-21 04:39:34',350.0000,6,86,29),(471,'2018-07-21 04:39:46','2018-07-21 04:39:46',360.0000,6,86,29),(472,'2018-07-21 04:39:49','2018-07-21 04:39:49',370.0000,1,86,29),(473,'2018-07-21 04:39:53','2018-07-21 04:39:53',380.0000,1,86,29),(474,'2018-07-21 04:41:47','2018-07-21 04:41:47',390.0000,6,86,29),(475,'2018-07-21 04:41:59','2018-07-21 04:41:59',410.0000,1,86,29),(476,'2018-07-21 04:42:04','2018-07-21 04:42:04',420.0000,6,86,29),(477,'2018-07-21 04:42:09','2018-07-21 04:42:09',430.0000,1,86,29),(478,'2018-07-21 04:43:33','2018-07-21 04:43:33',440.0000,1,86,29),(479,'2018-07-21 04:43:35','2018-07-21 04:43:35',450.0000,6,86,29),(480,'2018-07-21 04:43:41','2018-07-21 04:43:41',460.0000,1,86,29),(481,'2018-07-21 04:43:45','2018-07-21 04:43:45',470.0000,1,86,29),(482,'2018-07-21 04:44:03','2018-07-21 04:44:03',480.0000,6,86,29),(483,'2018-07-21 04:44:08','2018-07-21 04:44:08',490.0000,6,86,29),(484,'2018-07-21 04:44:12','2018-07-21 04:44:12',500.0000,1,86,29),(485,'2018-07-21 04:44:15','2018-07-21 04:44:15',510.0000,6,86,29),(486,'2018-07-21 04:44:20','2018-07-21 04:44:20',520.0000,1,86,29),(487,'2018-07-21 04:45:12','2018-07-21 04:45:12',530.0000,6,86,29),(488,'2018-07-21 04:45:17','2018-07-21 04:45:17',540.0000,6,86,29),(489,'2018-07-21 04:46:46','2018-07-21 04:46:46',560.0000,1,86,29),(490,'2018-07-21 04:46:51','2018-07-21 04:46:51',570.0000,1,86,29),(491,'2018-07-21 04:46:55','2018-07-21 04:46:55',580.0000,6,86,29),(492,'2018-07-21 04:48:04','2018-07-21 04:48:04',590.0000,6,86,29),(493,'2018-07-21 04:48:09','2018-07-21 04:48:09',600.0000,1,86,29),(494,'2018-07-21 04:48:13','2018-07-21 04:48:13',610.0000,1,86,29),(495,'2018-07-21 04:48:16','2018-07-21 04:48:16',620.0000,1,86,29),(496,'2018-07-21 04:48:28','2018-07-21 04:48:28',630.0000,1,86,29),(497,'2018-07-21 04:48:31','2018-07-21 04:48:31',640.0000,1,86,29),(498,'2018-07-21 04:48:35','2018-07-21 04:48:35',650.0000,1,86,29),(499,'2018-07-21 04:48:37','2018-07-21 04:48:37',660.0000,6,86,29),(500,'2018-07-21 04:48:40','2018-07-21 04:48:40',670.0000,6,86,29),(501,'2018-07-21 04:48:50','2018-07-21 04:48:50',680.0000,6,86,29),(502,'2018-07-21 04:49:05','2018-07-21 04:49:05',690.0000,6,86,29),(503,'2018-07-21 04:49:08','2018-07-21 04:49:08',700.0000,6,86,29),(504,'2018-07-21 04:49:11','2018-07-21 04:49:11',710.0000,6,86,29),(505,'2018-07-21 04:50:43','2018-07-21 04:50:43',720.0000,6,86,29),(506,'2018-07-21 04:50:47','2018-07-21 04:50:47',730.0000,6,86,29),(507,'2018-07-21 04:52:27','2018-07-21 04:52:27',740.0000,1,86,29),(508,'2018-07-21 04:54:27','2018-07-21 04:54:27',750.0000,6,86,29),(509,'2018-07-21 04:54:31','2018-07-21 04:54:31',760.0000,1,86,29),(510,'2018-07-21 04:54:34','2018-07-21 04:54:34',770.0000,1,86,29),(511,'2018-07-21 04:54:50','2018-07-21 04:54:50',780.0000,1,86,29),(512,'2018-07-21 04:54:52','2018-07-21 04:54:52',790.0000,1,86,29),(513,'2018-07-21 04:54:56','2018-07-21 04:54:56',800.0000,1,86,29),(514,'2018-07-21 04:54:59','2018-07-21 04:54:59',810.0000,1,86,29),(515,'2018-07-21 04:55:03','2018-07-21 04:55:03',820.0000,1,86,29),(516,'2018-07-21 04:55:09','2018-07-21 04:55:09',830.0000,1,86,29),(517,'2018-07-21 04:55:12','2018-07-21 04:55:12',840.0000,6,86,29),(518,'2018-07-21 04:55:16','2018-07-21 04:55:16',850.0000,6,86,29),(519,'2018-07-21 04:55:22','2018-07-21 04:55:22',860.0000,6,86,29),(520,'2018-07-21 04:55:26','2018-07-21 04:55:26',870.0000,6,86,29),(521,'2018-07-21 04:55:29','2018-07-21 04:55:29',880.0000,1,86,29),(522,'2018-07-21 04:55:35','2018-07-21 04:55:35',890.0000,1,86,29),(523,'2018-07-21 04:55:37','2018-07-21 04:55:37',900.0000,6,86,29),(524,'2018-07-21 04:57:29','2018-07-21 04:57:29',910.0000,1,86,29),(525,'2018-07-21 04:57:33','2018-07-21 04:57:33',920.0000,6,86,29),(526,'2018-07-21 04:57:36','2018-07-21 04:57:36',930.0000,6,86,29),(527,'2018-07-21 04:58:01','2018-07-21 04:58:01',940.0000,1,86,29),(528,'2018-07-21 04:58:03','2018-07-21 04:58:03',950.0000,6,86,29),(529,'2018-07-21 04:58:06','2018-07-21 04:58:06',960.0000,1,86,29),(530,'2018-07-21 05:02:39','2018-07-21 05:02:39',970.0000,1,86,29),(531,'2018-07-21 05:02:41','2018-07-21 05:02:41',980.0000,1,86,29),(532,'2018-07-21 05:02:45','2018-07-21 05:02:45',990.0000,1,86,29),(533,'2018-07-21 05:02:48','2018-07-21 05:02:48',1000.0000,6,86,29),(534,'2018-07-21 05:02:51','2018-07-21 05:02:51',1010.0000,6,86,29),(535,'2018-07-21 05:02:54','2018-07-21 05:02:54',1020.0000,6,86,29),(536,'2018-07-21 05:02:58','2018-07-21 05:02:58',1030.0000,1,86,29),(537,'2018-07-21 05:03:13','2018-07-21 05:03:13',1040.0000,1,86,29),(538,'2018-07-23 20:49:00','2018-07-23 20:49:00',10.0000,1,90,29),(539,'2018-07-23 20:49:04','2018-07-23 20:49:04',20.0000,6,90,29),(540,'2018-07-23 20:49:07','2018-07-23 20:49:07',30.0000,6,90,29),(541,'2018-07-23 20:49:10','2018-07-23 20:49:10',40.0000,1,90,29),(542,'2018-07-23 20:49:15','2018-07-23 20:49:15',50.0000,1,90,29),(543,'2018-07-23 20:49:22','2018-07-23 20:49:22',60.0000,6,90,29),(544,'2018-07-23 20:49:26','2018-07-23 20:49:26',70.0000,1,90,29),(545,'2018-07-23 20:49:33','2018-07-23 20:49:33',80.0000,1,90,29),(546,'2018-07-23 20:49:36','2018-07-23 20:49:36',90.0000,6,90,29),(547,'2018-07-23 21:06:21','2018-07-23 21:06:21',10.0000,1,91,29),(548,'2018-07-23 21:10:22','2018-07-23 21:10:22',1.0000,1,96,33),(549,'2018-07-23 21:10:24','2018-07-23 21:10:24',2.0000,6,96,33),(550,'2018-07-23 21:10:28','2018-07-23 21:10:28',3.0000,1,96,33),(551,'2018-07-23 21:10:33','2018-07-23 21:10:33',12.0000,1,96,33),(552,'2018-07-23 21:10:37','2018-07-23 21:10:37',20.0000,6,96,33),(553,'2018-07-23 21:10:42','2018-07-23 21:10:42',21.0000,1,96,33),(554,'2018-07-23 21:10:46','2018-07-23 21:10:46',28.0000,1,96,33),(555,'2018-07-23 21:10:51','2018-07-23 21:10:51',35.0000,6,96,33),(556,'2018-07-23 21:10:58','2018-07-23 21:10:58',42.0000,1,96,33),(557,'2018-07-23 21:11:10','2018-07-23 21:11:10',43.0000,6,96,33);
/*!40000 ALTER TABLE `bids` ENABLE KEYS */;
UNLOCK TABLES;

--
-- Table structure for table `items`
--

DROP TABLE IF EXISTS `items`;
/*!40101 SET @saved_cs_client     = @@character_set_client */;
/*!40101 SET character_set_client = utf8 */;
CREATE TABLE `items` (
  `id` int(10) unsigned NOT NULL AUTO_INCREMENT,
  `name` varchar(191) COLLATE utf8mb4_unicode_ci NOT NULL,
  `created_at` timestamp NULL DEFAULT NULL,
  `updated_at` timestamp NULL DEFAULT NULL,
  PRIMARY KEY (`id`)
) ENGINE=InnoDB AUTO_INCREMENT=98 DEFAULT CHARSET=utf8mb4 COLLATE=utf8mb4_unicode_ci;
/*!40101 SET character_set_client = @saved_cs_client */;

--
-- Dumping data for table `items`
--

LOCK TABLES `items` WRITE;
/*!40000 ALTER TABLE `items` DISABLE KEYS */;
INSERT INTO `items` VALUES (9,'dfdfdf','2018-05-18 05:24:31','2018-05-18 05:24:31'),(10,'ttttt','2018-05-18 05:27:09','2018-05-18 05:27:09'),(11,'333333','2018-05-18 05:29:31','2018-05-18 05:29:31'),(12,'i8iiuoioio','2018-05-18 05:45:31','2018-05-18 05:45:31'),(13,'vbvg','2018-05-18 13:41:39','2018-05-18 13:41:39'),(14,'hhhhh','2018-05-18 16:12:17','2018-05-18 16:12:17'),(15,'ttt','2018-05-18 16:19:35','2018-05-18 16:19:35'),(16,'uuuu','2018-05-18 16:23:54','2018-05-18 16:23:54'),(17,'dsddsdsd','2018-05-18 16:26:09','2018-05-18 16:26:09'),(18,'sZXZx','2018-05-18 16:26:21','2018-05-18 16:26:21'),(19,'dfsdsds','2018-05-18 16:26:30','2018-05-18 16:26:30'),(20,'jjj','2018-05-18 16:27:54','2018-05-18 16:27:54'),(21,'gggg','2018-05-18 16:28:12','2018-05-18 16:28:12'),(22,'ffff','2018-05-18 16:29:37','2018-05-18 16:29:37'),(23,'uiuiui','2018-05-18 16:30:25','2018-05-18 16:30:25'),(24,'kkkkkkk','2018-05-18 16:31:18','2018-05-18 16:31:18'),(25,'ghghgh','2018-05-18 16:31:34','2018-05-18 16:31:34'),(26,'eeeee','2018-05-18 16:31:39','2018-05-18 16:31:39'),(27,'f3223434','2018-05-18 16:31:44','2018-05-18 16:31:44'),(28,'yyy','2018-06-06 21:28:55','2018-06-06 21:28:55'),(29,'yuyuy','2018-06-06 21:30:48','2018-06-06 21:30:48'),(30,'ididididid','2018-06-15 17:00:02','2018-06-15 17:00:02'),(31,'rrrreeee','2018-06-19 18:03:38','2018-06-19 18:03:38'),(32,'erererere','2018-06-19 18:07:03','2018-06-19 18:07:03'),(33,'ttttt','2018-06-19 18:07:32','2018-06-19 18:07:32'),(34,'eeeee','2018-06-19 18:14:20','2018-06-19 18:14:20'),(35,'1111111','2018-06-19 18:18:30','2018-06-19 18:18:30'),(36,'22222','2018-06-19 18:22:13','2018-06-19 18:22:13'),(37,'3333','2018-06-19 18:22:29','2018-06-19 18:22:29'),(38,'11111','2018-06-19 18:26:56','2018-06-19 18:26:56'),(39,'2222','2018-06-19 18:27:55','2018-06-19 18:27:55'),(40,'111','2018-06-19 18:30:09','2018-06-19 18:30:09'),(41,'121212','2018-06-19 18:34:43','2018-06-19 18:34:43'),(42,'2222','2018-06-19 18:36:46','2018-06-19 18:36:46'),(43,'333','2018-06-19 18:37:32','2018-06-19 18:37:32'),(44,'444','2018-06-19 18:37:58','2018-06-19 18:37:58'),(45,'555','2018-06-19 18:39:46','2018-06-19 18:39:46'),(46,'666','2018-06-19 18:40:03','2018-06-19 18:40:03'),(47,'777','2018-06-19 18:42:11','2018-06-19 18:42:11'),(48,'888','2018-06-19 18:42:46','2018-06-19 18:42:46'),(49,'999','2018-06-19 18:46:14','2018-06-19 18:46:14'),(50,'rrrr1111','2018-06-19 19:15:35','2018-06-19 19:15:35'),(51,'rrrr122222','2018-06-19 19:15:46','2018-06-19 19:15:46'),(52,'22222','2018-06-19 19:19:04','2018-06-19 19:19:04'),(53,'3333','2018-06-19 19:19:12','2018-06-19 19:19:12'),(54,'111111','2018-06-19 19:21:51','2018-06-19 19:21:51'),(55,'2222','2018-06-19 19:21:58','2018-06-19 19:21:58'),(56,'33333','2018-06-19 19:22:04','2018-06-19 19:22:04'),(57,'444','2018-06-19 19:22:10','2018-06-19 19:22:10'),(58,'555','2018-06-19 19:22:16','2018-06-19 19:22:16'),(59,'1111','2018-06-19 19:36:26','2018-06-19 19:36:26'),(60,'222','2018-06-19 19:36:38','2018-06-19 19:36:38'),(61,'333','2018-06-19 19:36:45','2018-06-19 19:36:45'),(62,'111','2018-06-19 19:40:44','2018-06-19 19:40:44'),(63,'22','2018-06-19 19:40:58','2018-06-19 19:40:58'),(64,'33333','2018-06-19 19:41:04','2018-06-19 19:41:04'),(65,'lllllll;l;l;','2018-06-21 05:13:29','2018-06-21 05:13:29'),(66,'wwwwwww','2018-06-21 21:58:53','2018-06-21 21:58:53'),(67,'1234','2018-06-21 23:32:05','2018-06-21 23:32:05'),(68,'dfdfdf','2018-06-29 21:31:46','2018-06-29 21:31:46'),(69,'dfdfdf','2018-06-29 21:39:04','2018-06-29 21:39:04'),(70,'ddfdfdf','2018-06-29 21:53:57','2018-06-29 21:53:57'),(71,'2222wsrsdsd','2018-06-29 21:54:15','2018-06-29 21:54:15'),(72,'3434343434','2018-06-29 21:54:22','2018-06-29 21:54:22'),(73,'dfdfdfdfdeeeeee','2018-06-30 04:18:21','2018-06-30 04:18:21'),(74,'ddddddd','2018-06-30 05:07:08','2018-06-30 05:07:08'),(75,'sdsdsdsd','2018-06-30 05:40:18','2018-06-30 05:40:18'),(76,'test1','2018-06-30 05:57:47','2018-06-30 05:57:47'),(77,'fdfdfdf','2018-06-30 06:05:48','2018-06-30 06:05:48'),(78,'sdsdsdsdsds','2018-06-30 06:13:22','2018-06-30 06:13:22'),(79,'fffffdddd','2018-07-13 04:19:00','2018-07-13 04:19:00'),(80,'dfdrererererer','2018-07-13 04:19:48','2018-07-13 04:19:48'),(81,'dsdsd','2018-07-13 05:03:04','2018-07-13 05:03:04'),(82,'sdsd','2018-07-13 16:20:48','2018-07-13 16:20:48'),(83,'lklklklklklk','2018-07-13 18:55:29','2018-07-13 18:55:29'),(84,'sdsdsd','2018-07-13 21:40:22','2018-07-13 21:40:22'),(85,'dfdfdf','2018-07-13 21:41:21','2018-07-13 21:41:21'),(86,'dfdfd','2018-07-13 23:01:57','2018-07-13 23:01:57'),(87,'sdsdsd','2018-07-19 23:31:42','2018-07-19 23:31:42'),(88,'dddd','2018-07-19 23:33:44','2018-07-19 23:33:44'),(89,'dfdfdfdf','2018-07-20 22:44:41','2018-07-20 22:44:41'),(90,'sdsssssss','2018-07-21 05:03:23','2018-07-21 05:03:23'),(91,'324232323','2018-07-21 05:06:05','2018-07-21 05:06:05'),(92,'ddfdfdfdf','2018-07-21 05:10:21','2018-07-21 05:10:21'),(93,'sddsdsd','2018-07-23 20:50:15','2018-07-23 20:50:15'),(94,'ssswswswsw','2018-07-23 20:56:44','2018-07-23 20:56:44'),(95,'ccccccc','2018-07-23 21:01:41','2018-07-23 21:01:41'),(96,'ddddd','2018-07-23 21:09:05','2018-07-23 21:09:05'),(97,'yuyuuu','2018-07-23 21:11:40','2018-07-23 21:11:40');
/*!40000 ALTER TABLE `items` ENABLE KEYS */;
UNLOCK TABLES;

--
-- Table structure for table `messages`
--

DROP TABLE IF EXISTS `messages`;
/*!40101 SET @saved_cs_client     = @@character_set_client */;
/*!40101 SET character_set_client = utf8 */;
CREATE TABLE `messages` (
  `id` int(10) unsigned NOT NULL AUTO_INCREMENT,
  `user_id` int(10) unsigned NOT NULL,
  `message` text COLLATE utf8mb4_unicode_ci NOT NULL,
  `created_at` timestamp NULL DEFAULT NULL,
  `updated_at` timestamp NULL DEFAULT NULL,
  `auction_id` int(10) unsigned NOT NULL,
  PRIMARY KEY (`id`)
) ENGINE=InnoDB AUTO_INCREMENT=179 DEFAULT CHARSET=utf8mb4 COLLATE=utf8mb4_unicode_ci;
/*!40101 SET character_set_client = @saved_cs_client */;

--
-- Dumping data for table `messages`
--

LOCK TABLES `messages` WRITE;
/*!40000 ALTER TABLE `messages` DISABLE KEYS */;
INSERT INTO `messages` VALUES (1,1,'sdsds','2018-05-25 19:00:23','2018-05-25 19:00:23',6),(2,1,'dsds','2018-05-25 19:00:32','2018-05-25 19:00:32',6),(3,1,'fdfdf','2018-05-25 19:08:44','2018-05-25 19:08:44',6),(4,1,'dfdfdf','2018-05-25 19:13:57','2018-05-25 19:13:57',7),(5,1,'adfadf','2018-05-25 19:14:14','2018-05-25 19:14:14',6),(6,1,'dfdf','2018-05-25 19:15:10','2018-05-25 19:15:10',6),(7,1,'fffff','2018-05-25 19:16:24','2018-05-25 19:16:24',6),(8,1,'dsds','2018-05-25 22:56:06','2018-05-25 22:56:06',6),(9,1,'ererer','2018-05-25 22:56:37','2018-05-25 22:56:37',7),(10,1,'dfdsd','2018-05-25 22:57:53','2018-05-25 22:57:53',7),(11,1,'ddsdfd','2018-05-26 03:52:29','2018-05-26 03:52:29',5),(12,1,'ddd','2018-05-26 04:02:06','2018-05-26 04:02:06',5),(13,1,'hghhh','2018-05-26 04:03:37','2018-05-26 04:03:37',5),(14,1,'ddd','2018-05-26 04:05:51','2018-05-26 04:05:51',5),(15,1,'ggg','2018-05-26 04:06:45','2018-05-26 04:06:45',5),(16,1,'rrr','2018-05-26 04:11:30','2018-05-26 04:11:30',5),(17,1,'dd','2018-05-26 04:24:55','2018-05-26 04:24:55',5),(18,1,'sdsd','2018-05-26 04:28:21','2018-05-26 04:28:21',5),(19,1,'fdfdfd','2018-05-26 04:28:32','2018-05-26 04:28:32',5),(20,1,'DFZDFA','2018-05-26 04:30:23','2018-05-26 04:30:23',5),(21,1,'fffff','2018-05-26 04:30:25','2018-05-26 04:30:25',5),(22,1,'asdfadf','2018-05-26 04:30:28','2018-05-26 04:30:28',5),(23,1,'sedfdf','2018-05-26 04:31:21','2018-05-26 04:31:21',5),(24,1,'dfdf','2018-05-26 04:34:53','2018-05-26 04:34:53',5),(25,1,'fgsfgf','2018-05-26 05:12:44','2018-05-26 05:12:44',5),(26,1,'hghgh','2018-05-26 05:14:27','2018-05-26 05:14:27',5),(27,1,'sdsds','2018-05-26 05:15:52','2018-05-26 05:15:52',5),(28,1,'sdsds','2018-05-26 05:16:21','2018-05-26 05:16:21',5),(29,1,'asa','2018-05-26 05:16:49','2018-05-26 05:16:49',5),(30,1,'ghgh','2018-05-26 05:18:45','2018-05-26 05:18:45',5),(31,1,'dfdf','2018-05-26 05:20:50','2018-05-26 05:20:50',5),(32,1,'dsdsd','2018-05-26 05:21:24','2018-05-26 05:21:24',5),(33,1,'dfdf','2018-05-26 05:22:19','2018-05-26 05:22:19',5),(34,1,'fdddddd','2018-05-26 05:22:25','2018-05-26 05:22:25',5),(35,1,'eeeeeee','2018-05-26 05:22:46','2018-05-26 05:22:46',5),(36,1,'ffffff','2018-05-26 05:23:04','2018-05-26 05:23:04',5),(37,1,'ssss','2018-05-26 05:25:11','2018-05-26 05:25:11',5),(38,1,'dddd','2018-05-26 05:25:51','2018-05-26 05:25:51',5),(39,1,'ggggg','2018-05-26 05:27:52','2018-05-26 05:27:52',5),(40,1,'ffff','2018-05-26 05:29:35','2018-05-26 05:29:35',5),(41,1,'hhh','2018-05-26 05:30:26','2018-05-26 05:30:26',5),(42,1,'fddd','2018-05-26 05:31:58','2018-05-26 05:31:58',5),(43,1,'cccc','2018-05-26 05:32:19','2018-05-26 05:32:19',5),(44,1,'ssssss','2018-05-26 05:32:25','2018-05-26 05:32:25',5),(45,1,'sdSADSAD','2018-05-26 05:32:42','2018-05-26 05:32:42',7),(46,1,'LLLLL','2018-05-26 05:32:53','2018-05-26 05:32:53',7),(47,1,'fff','2018-05-26 05:32:56','2018-05-26 05:32:56',7),(48,1,'oooo9oo','2018-05-26 05:33:08','2018-05-26 05:33:08',5),(49,1,'jjjjjjj','2018-05-26 05:33:18','2018-05-26 05:33:18',6),(50,1,'yuyuyuyuyuyuyu','2018-05-26 05:33:29','2018-05-26 05:33:29',5),(51,1,'test1','2018-05-26 05:33:45','2018-05-26 05:33:45',5),(52,1,'test2','2018-05-26 05:33:55','2018-05-26 05:33:55',6),(53,1,'test3','2018-05-26 05:34:06','2018-05-26 05:34:06',7),(54,1,'dddddd','2018-05-26 05:35:22','2018-05-26 05:35:22',7),(55,1,'fgfgfg','2018-05-26 05:45:20','2018-05-26 05:45:20',5),(56,1,'dfdfdf','2018-05-26 05:45:29','2018-05-26 05:45:29',5),(57,1,'fffff','2018-05-26 05:45:32','2018-05-26 05:45:32',5),(58,1,'fffff','2018-05-26 05:45:34','2018-05-26 05:45:34',5),(59,1,'fffff','2018-05-26 05:45:36','2018-05-26 05:45:36',5),(60,1,'ffff','2018-05-26 05:45:38','2018-05-26 05:45:38',5),(61,1,'erere','2018-05-26 05:45:42','2018-05-26 05:45:42',5),(62,1,'qewasdfzd','2018-05-26 05:45:46','2018-05-26 05:45:46',5),(63,1,'drtrt','2018-05-26 05:46:39','2018-05-26 05:46:39',5),(64,1,'dddd','2018-05-26 05:47:19','2018-05-26 05:47:19',5),(65,1,'ttt','2018-05-26 05:53:58','2018-05-26 05:53:58',5),(66,1,'yyyyy','2018-05-26 05:55:03','2018-05-26 05:55:03',5),(67,1,'ttttt','2018-05-26 05:55:42','2018-05-26 05:55:42',5),(68,1,'dddddd','2018-05-26 05:56:20','2018-05-26 05:56:20',6),(69,1,'uuuu','2018-05-26 05:59:53','2018-05-26 05:59:53',6),(70,1,'dddd','2018-05-26 06:31:26','2018-05-26 06:31:26',6),(71,1,'ttttt','2018-05-26 06:34:56','2018-05-26 06:34:56',6),(72,1,'ttttttytyty','2018-05-26 06:35:02','2018-05-26 06:35:02',6),(73,1,'ddddsdsdsdsd','2018-05-26 06:38:23','2018-05-26 06:38:23',6),(74,1,'fgfgfgfgfgfg','2018-05-26 06:45:12','2018-05-26 06:45:12',6),(75,1,'ccccccc','2018-05-26 06:45:34','2018-05-26 06:45:34',6),(76,1,'xssss','2018-05-26 06:48:19','2018-05-26 06:48:19',6),(77,1,'qwqwqwqwq','2018-05-26 06:48:27','2018-05-26 06:48:27',6),(78,1,'dfdf','2018-05-26 06:50:01','2018-05-26 06:50:01',6),(79,1,'fgfg','2018-05-26 06:50:58','2018-05-26 06:50:58',6),(80,1,'ggggggg','2018-05-26 06:51:04','2018-05-26 06:51:04',6),(81,1,'gggfgfgfgfgfg','2018-05-26 06:52:20','2018-05-26 06:52:20',6),(82,1,'rrrrr','2018-05-26 06:52:46','2018-05-26 06:52:46',6),(83,1,'cdwds','2018-05-26 06:53:09','2018-05-26 06:53:09',6),(84,1,'dfdfdfdf','2018-05-26 06:54:47','2018-05-26 06:54:47',6),(85,1,'fffff','2018-05-26 06:54:50','2018-05-26 06:54:50',6),(86,1,'fjd;aklfj;adfk aas df;kajdf a af aeoir[qer qmrq;me;vz  v[viu[pcovi\' a\'dmka\'fm\'e; qq\'fejq\'oiua\'voa','2018-05-26 06:55:04','2018-05-26 06:55:04',6),(87,4,'ffadfadfdffffffff','2018-05-26 06:56:27','2018-05-26 06:56:27',5),(88,1,'kkk;lkj;lkj;l','2018-05-26 06:56:35','2018-05-26 06:56:35',6),(89,4,'fdfdfdfdfdf','2018-05-26 06:56:47','2018-05-26 06:56:47',5),(90,1,'dfdfdfdf','2018-05-26 06:56:52','2018-05-26 06:56:52',6),(91,1,'dfdfdfdf','2018-05-26 06:57:35','2018-05-26 06:57:35',5),(92,4,'dfdawwwwww','2018-05-26 06:57:52','2018-05-26 06:57:52',5),(93,4,'test','2018-05-26 06:58:57','2018-05-26 06:58:57',11),(94,1,'test','2018-05-26 06:59:20','2018-05-26 06:59:20',11),(95,4,'cool','2018-05-26 06:59:30','2018-05-26 06:59:30',11),(96,4,'word','2018-05-26 06:59:41','2018-05-26 06:59:41',11),(97,1,'and all','2018-05-26 06:59:49','2018-05-26 06:59:49',11),(98,1,'balls','2018-05-26 07:01:58','2018-05-26 07:01:58',11),(99,4,'you fucking rock!','2018-05-26 07:02:05','2018-05-26 07:02:05',11),(100,1,'i know, right','2018-05-26 07:02:10','2018-05-26 07:02:10',11),(101,1,'that\'s phenomenal, i love it','2018-05-26 07:08:31','2018-05-26 07:08:31',11),(102,1,'ffffff','2018-06-06 21:12:33','2018-06-06 21:12:33',7),(103,1,'jjjjj','2018-06-06 21:13:35','2018-06-06 21:13:35',7),(104,1,'cd','2018-06-10 22:10:00','2018-06-10 22:10:00',5),(105,1,'dfdfdf','2018-06-10 23:16:50','2018-06-10 23:16:50',5),(106,1,'ggg','2018-06-10 23:17:29','2018-06-10 23:17:29',5),(107,1,'ffffff','2018-06-14 06:52:52','2018-06-14 06:52:52',5),(108,1,'eeeee','2018-06-14 06:53:04','2018-06-14 06:53:04',5),(109,4,'rrrrr','2018-06-14 06:53:41','2018-06-14 06:53:41',5),(110,1,'tttt','2018-06-14 06:54:12','2018-06-14 06:54:12',5),(111,4,'yyyyy','2018-06-14 06:54:22','2018-06-14 06:54:22',5),(112,4,'ppp','2018-06-14 06:58:03','2018-06-14 06:58:03',5),(113,4,'ooo','2018-06-14 06:58:46','2018-06-14 06:58:46',5),(114,1,'iii','2018-06-14 06:58:55','2018-06-14 06:58:55',5),(115,4,'uuuu','2018-06-14 19:58:30','2018-06-14 19:58:30',5),(116,4,'yyy','2018-06-14 20:01:18','2018-06-14 20:01:18',5),(117,4,'test123','2018-06-14 20:05:36','2018-06-14 20:05:36',5),(118,4,'test123','2018-06-14 20:05:47','2018-06-14 20:05:47',5),(119,4,'test123','2018-06-14 20:06:13','2018-06-14 20:06:13',5),(120,4,'test123','2018-06-14 20:07:00','2018-06-14 20:07:00',5),(121,4,'test123','2018-06-14 20:07:29','2018-06-14 20:07:29',5),(122,4,'test123','2018-06-14 20:09:47','2018-06-14 20:09:47',5),(123,4,'test123','2018-06-14 20:24:00','2018-06-14 20:24:00',5),(124,4,'eee','2018-06-14 20:44:01','2018-06-14 20:44:01',5),(125,4,'fff','2018-06-14 20:44:40','2018-06-14 20:44:40',5),(126,4,'ggg','2018-06-14 20:44:51','2018-06-14 20:44:51',5),(127,4,'hhh','2018-06-14 20:45:33','2018-06-14 20:45:33',5),(128,4,'rrr','2018-06-14 20:48:21','2018-06-14 20:48:21',5),(129,1,'eee','2018-06-14 20:48:27','2018-06-14 20:48:27',5),(130,4,'ttt','2018-06-14 20:48:49','2018-06-14 20:48:49',5),(131,1,'rtrtrt','2018-06-14 21:24:15','2018-06-14 21:24:15',5),(132,1,'rerer','2018-06-14 21:24:34','2018-06-14 21:24:34',5),(133,4,'iii','2018-06-14 21:26:25','2018-06-14 21:26:25',5),(134,1,'sss','2018-06-14 22:09:23','2018-06-14 22:09:23',5),(135,4,'333','2018-06-15 02:08:58','2018-06-15 02:08:58',5),(136,1,'444','2018-06-15 02:09:20','2018-06-15 02:09:20',5),(137,4,'555','2018-06-15 02:09:26','2018-06-15 02:09:26',5),(138,1,'666','2018-06-15 02:09:36','2018-06-15 02:09:36',5),(139,4,'777','2018-06-15 02:09:50','2018-06-15 02:09:50',5),(140,4,'888','2018-06-15 02:09:55','2018-06-15 02:09:55',5),(141,1,'sdsdsd','2018-06-15 02:09:58','2018-06-15 02:09:58',5),(142,1,'rrr','2018-06-15 03:49:04','2018-06-15 03:49:04',5),(143,4,'wewewewe','2018-06-15 03:49:17','2018-06-15 03:49:17',5),(144,4,'afdfa','2018-06-15 04:25:22','2018-06-15 04:25:22',5),(145,1,'fffff','2018-06-15 19:26:56','2018-06-15 19:26:56',5),(146,4,'dfdfdfdf','2018-06-15 19:27:00','2018-06-15 19:27:00',5),(147,1,'ffffffseweweww','2018-06-15 19:27:07','2018-06-15 19:27:07',5),(148,4,'ggggg','2018-06-15 20:03:06','2018-06-15 20:03:06',5),(149,4,'fgfgfgfg','2018-06-19 07:26:34','2018-06-19 07:26:34',5),(150,4,'ffgfgfg','2018-06-19 18:15:21','2018-06-19 18:15:21',7),(151,1,'gggggg','2018-06-19 18:15:25','2018-06-19 18:15:25',7),(152,1,'dfdfdf','2018-07-13 18:33:03','2018-07-13 18:33:03',24),(153,2,'ffffffff','2018-07-13 18:33:10','2018-07-13 18:33:10',24),(154,1,'343434','2018-07-13 18:33:25','2018-07-13 18:33:25',24),(155,1,'443frff44gf4g4g','2018-07-13 18:33:33','2018-07-13 18:33:33',24),(156,2,'erer34343dfdfd','2018-07-13 18:33:49','2018-07-13 18:33:49',24),(157,2,'dfdfdf','2018-07-13 18:36:50','2018-07-13 18:36:50',24),(158,1,'dfdfdfdfd','2018-07-13 19:13:45','2018-07-13 19:13:45',24),(159,1,'ghghghghghgh','2018-07-13 19:43:56','2018-07-13 19:43:56',24),(160,2,'ddfdfdf','2018-07-13 22:26:40','2018-07-13 22:26:40',29),(161,1,'fffffff','2018-07-13 22:26:45','2018-07-13 22:26:45',29),(162,1,'dfdfdfdf','2018-07-13 22:26:55','2018-07-13 22:26:55',28),(163,2,'ffffffff','2018-07-13 22:26:59','2018-07-13 22:26:59',29),(164,2,'ererq343434','2018-07-13 22:27:18','2018-07-13 22:27:18',28),(165,1,'word','2018-07-13 22:29:13','2018-07-13 22:29:13',28),(166,2,'good deal','2018-07-13 22:29:34','2018-07-13 22:29:34',28),(167,2,'test','2018-07-13 22:30:19','2018-07-13 22:30:19',28),(168,1,'dfdf','2018-07-13 22:45:04','2018-07-13 22:45:04',28),(169,4,'dfdfdfd','2018-07-19 23:34:25','2018-07-19 23:34:25',5),(170,4,'fffffffff','2018-07-19 23:34:56','2018-07-19 23:34:56',29),(171,1,'dfdfdfdfdf','2018-07-19 23:35:05','2018-07-19 23:35:05',5),(172,4,'rrrrrrr','2018-07-19 23:35:12','2018-07-19 23:35:12',29),(173,1,'test','2018-07-23 21:12:22','2018-07-23 21:12:22',33),(174,1,'gffgfg','2018-07-23 21:12:26','2018-07-23 21:12:26',33),(175,6,'dddddd','2018-07-23 21:17:14','2018-07-23 21:17:14',33),(176,1,'adfad','2018-07-23 21:17:33','2018-07-23 21:17:33',33),(177,1,'ffffff','2018-07-23 21:24:36','2018-07-23 21:24:36',33),(178,6,'ererererer','2018-07-23 21:24:40','2018-07-23 21:24:40',33);
/*!40000 ALTER TABLE `messages` ENABLE KEYS */;
UNLOCK TABLES;

--
-- Table structure for table `migrations`
--

DROP TABLE IF EXISTS `migrations`;
/*!40101 SET @saved_cs_client     = @@character_set_client */;
/*!40101 SET character_set_client = utf8 */;
CREATE TABLE `migrations` (
  `id` int(10) unsigned NOT NULL AUTO_INCREMENT,
  `migration` varchar(255) COLLATE utf8mb4_unicode_ci NOT NULL,
  `batch` int(11) NOT NULL,
  PRIMARY KEY (`id`)
) ENGINE=InnoDB AUTO_INCREMENT=28 DEFAULT CHARSET=utf8mb4 COLLATE=utf8mb4_unicode_ci;
/*!40101 SET character_set_client = @saved_cs_client */;

--
-- Dumping data for table `migrations`
--

LOCK TABLES `migrations` WRITE;
/*!40000 ALTER TABLE `migrations` DISABLE KEYS */;
INSERT INTO `migrations` VALUES (1,'2014_10_12_000000_create_users_table',1),(2,'2014_10_12_100000_create_password_resets_table',1),(3,'2018_04_27_132722_create_auctions_table',1),(4,'2018_05_04_213051_update_user_add_auction_relationship',1),(5,'2018_05_04_213326_update_auction_add_user_relationship',1),(6,'2018_05_05_052828_create_auctions_users_pivot',1),(7,'2018_05_07_161823_update_auctions_users_change_name',1),(8,'2018_05_11_194723_create_messages_table',2),(9,'2018_05_08_045150_create_items_table',3),(10,'2018_05_08_053818_update_items_table',3),(11,'2018_05_17_181546_add_n_name_to_items_table',4),(12,'2018_05_17_195934_add_current_item_to_auctions_table',5),(13,'2018_05_18_040949_create_bids_table',5),(14,'2018_05_18_042255_add_queue_field_to_auctions_table',5),(15,'2018_05_18_043121_remove_item_id_from_auctions_table',6),(16,'2018_05_18_045117_remove_auction_id_from_items_table',7),(17,'2018_05_18_045811_create_auction_item_table',8),(18,'2018_05_18_055626_add_user_auction_item_ids_to_table',9),(19,'2018_05_25_182601_add_auction_to_messages_table',10),(20,'2018_06_11_000525_add_active_at_to_users',10),(21,'2018_06_14_185512_add_status_to_auction_item',11),(22,'2018_06_29_212722_add_bid_increment_field_to_auctions_table',12),(23,'2018_06_29_214338_add_manual_next_field_to_auctions_table',13),(24,'2018_07_13_205318_add_rules_field_to_auctions',14),(25,'2018_07_13_205555_add_rules_field_to_auctions_forrealthistime',15),(26,'2018_07_13_212527_add_bid_timer_and_snipe_time_to_auctions',16),(27,'2018_07_20_195201_add_status_and_settings_to_auction',17);
/*!40000 ALTER TABLE `migrations` ENABLE KEYS */;
UNLOCK TABLES;

--
-- Table structure for table `password_resets`
--

DROP TABLE IF EXISTS `password_resets`;
/*!40101 SET @saved_cs_client     = @@character_set_client */;
/*!40101 SET character_set_client = utf8 */;
CREATE TABLE `password_resets` (
  `email` varchar(255) COLLATE utf8mb4_unicode_ci NOT NULL,
  `token` varchar(255) COLLATE utf8mb4_unicode_ci NOT NULL,
  `created_at` timestamp NULL DEFAULT NULL,
  KEY `password_resets_email_index` (`email`)
) ENGINE=InnoDB DEFAULT CHARSET=utf8mb4 COLLATE=utf8mb4_unicode_ci;
/*!40101 SET character_set_client = @saved_cs_client */;

--
-- Dumping data for table `password_resets`
--

LOCK TABLES `password_resets` WRITE;
/*!40000 ALTER TABLE `password_resets` DISABLE KEYS */;
/*!40000 ALTER TABLE `password_resets` ENABLE KEYS */;
UNLOCK TABLES;

--
-- Table structure for table `users`
--

DROP TABLE IF EXISTS `users`;
/*!40101 SET @saved_cs_client     = @@character_set_client */;
/*!40101 SET character_set_client = utf8 */;
CREATE TABLE `users` (
  `id` int(10) unsigned NOT NULL AUTO_INCREMENT,
  `name` varchar(255) COLLATE utf8mb4_unicode_ci NOT NULL,
  `email` varchar(255) COLLATE utf8mb4_unicode_ci NOT NULL,
  `password` varchar(255) COLLATE utf8mb4_unicode_ci NOT NULL,
  `remember_token` varchar(100) COLLATE utf8mb4_unicode_ci DEFAULT NULL,
  `created_at` timestamp NULL DEFAULT NULL,
  `updated_at` timestamp NULL DEFAULT NULL,
  `active_at` timestamp NOT NULL DEFAULT CURRENT_TIMESTAMP,
  PRIMARY KEY (`id`),
  UNIQUE KEY `users_email_unique` (`email`)
) ENGINE=InnoDB AUTO_INCREMENT=8 DEFAULT CHARSET=utf8mb4 COLLATE=utf8mb4_unicode_ci;
/*!40101 SET character_set_client = @saved_cs_client */;

--
-- Dumping data for table `users`
--

LOCK TABLES `users` WRITE;
/*!40000 ALTER TABLE `users` DISABLE KEYS */;
INSERT INTO `users` VALUES (1,'jay','jaylong255@gmail.com','$2y$10$vOyGq4WsWMDWx0N4qirn4O2WSxKqiF5pixp/z8XPS2IPOqNIob5we','lCgwNkxjeW6EnPuBSOo1aAQEapMMT4RrlRzvCsT7Y4jdVO3mgXZ0CSwf0rpd','2018-05-11 19:55:00','2018-05-11 19:55:00','2018-06-11 00:27:15'),(2,'jay2','test@mail.com','$2y$10$rkug2kYuKIbISKqr/Adrde7FMQTR.8nSf3de.z91U.YhBQLT0O0Ki',NULL,'2018-05-11 20:06:49','2018-05-11 20:06:49','2018-06-11 00:27:15'),(3,'test3','test3@test.com','$2y$10$aRAjxi8WqJyYsffx8bmG4edxsqSYWryOsmxfj4QmSvemAbRu3fZk.',NULL,'2018-05-11 21:06:59','2018-05-11 21:06:59','2018-06-11 00:27:15'),(4,'jaytest2','test222@test.com','$2y$10$NTVyVeVKg5JUPyzOaJszMuAzVYQnv6653uVfvQd4O9uztFnf3btXO','EewA9ig4IKJCaK4yDk7xIsHGGTWcA5RiYfhwB8TNO2abFvSm6nencHEe6YUp','2018-05-26 06:56:11','2018-05-26 06:56:11','2018-06-11 00:27:15'),(5,'some guy with a long name','longname@test.com','$2y$10$7gXuIZS39yHc6Lay6Lux0uacwt6BzKH5xdhBZjrQiY0gJNkzzvv2y','jeQxybYOlMdw6Dxlj2UyXwGCYbf9M8C73L3b6xrcPTJykD10xDwuh45zTuJh','2018-07-19 23:36:01','2018-07-19 23:36:01','2018-07-19 23:36:01'),(6,'long name guy jr','longname2@test.com','$2y$10$1XWJLnM6AtPdOv900WdHcO/Or4wTZEaLExpZY0plEYgSGJ4Ie3AFW','p0mVR0Q8gjBtCE2zCTsAywxvdxvkAMjWE4NBDfj5JUAfOesdC2GtcFrH9vxA','2018-07-19 23:37:14','2018-07-19 23:37:14','2018-07-19 23:37:14'),(7,'timer tester','timer@test.com','$2y$10$aWYi/gSpxfpMxLLcyJjp3eoL/8MVzBWipl4YJG.LhO89yaYcl3UZa','U6wyw9urZedGGOldmuFTocPcz0hXexrhfC2pM3w61GDLTIXxxGE3RrpMnqrv','2018-07-20 22:26:43','2018-07-20 22:26:43','2018-07-20 22:26:43');
/*!40000 ALTER TABLE `users` ENABLE KEYS */;
UNLOCK TABLES;
/*!40103 SET TIME_ZONE=@OLD_TIME_ZONE */;

/*!40101 SET SQL_MODE=@OLD_SQL_MODE */;
/*!40014 SET FOREIGN_KEY_CHECKS=@OLD_FOREIGN_KEY_CHECKS */;
/*!40014 SET UNIQUE_CHECKS=@OLD_UNIQUE_CHECKS */;
/*!40101 SET CHARACTER_SET_CLIENT=@OLD_CHARACTER_SET_CLIENT */;
/*!40101 SET CHARACTER_SET_RESULTS=@OLD_CHARACTER_SET_RESULTS */;
/*!40101 SET COLLATION_CONNECTION=@OLD_COLLATION_CONNECTION */;
/*!40111 SET SQL_NOTES=@OLD_SQL_NOTES */;

-- Dump completed on 2018-08-03 17:05:48
